author,title,fragment
Лермонтов М.Ю.,А. О. Смирновой,"В простосердечии невежды
Короче знать вас я желал
Но эти сладкие надежды
Теперь я вовсе потерял.
Без вас — хочу сказать вам много,
При вас — я слушать вас хочу;
Но молча вы глядите строго,
И я, в смущении, молчу!
Что ж делать? — речью безыскусной
Ваш ум занять мне не дано...
Все это было бы смешно,
Когда бы не было так грустно.
"
Лермонтов М.Ю.,Ангел,"По небу полуночи ангел летел
И тихую песню он пел;
И месяц, и звезды, и тучи толпой
Внимали той песне святой.
Он пел о блаженстве безгрешных духов
Под кущами райских садов;
О боге великом он пел, и хвала
Его непритворна была.
Он душу младую в объятиях нес
Для мира печали и слез,
И звук его песни в душе молодой
Остался — без слов, но живой
И долго на свете томилась она,
Желанием чудным полна;
И звуков небес заменить не могли
Ей скучные песни земли."
Лермонтов М.Ю.,К Нине,"Ах! сокрылась в мрак ненастный
Счастья прошлого мечта!..
По одной звезде прекрасной
Млею, бедный сирота.
Но как блеск звезды моей,
Ложно счастье прежних дней.
Пусть навек с златым мечтаньем,
Пусть тебе глаза закрыть,
Сохраню тебя страданьем:
Ты для сердца будешь жить;
Но увы! ты любишь свет:
И любви моей как нет!
Может ли любви страданье,
Нина! некогда пройти?
Бури света волнованье
Чувств горячих унести?
Иль умрет небесный жар,
Как земли ничтожный дар?.."
Лермонтов М.Ю.,Баллада,"Куда так проворно, жидовка младая?
Час утра, ты знаешь, далек...
Потише, распалась цепочка златая,
И скоро спадет башмачок.
Вот мост! вот чугунные влево перилы
Блестят от огня фонарей;
Держись за них крепче, устала, нет силы!..
Вот дом — и звонок у дверей.
Безмолвно жидовка у двери стояла,
Как мраморный идол бледна:
Потом, за снурок потянув, постучала...
И кто-то взглянул из окна!..
И страхом и тайной надеждой пылая,
Еврейка глаза подняла,
Конечно, ужасней минута такая
Столетий печали была.
Она говорила: «Мой ангел прекрасный!
Взгляни еще раз на меня...
Избавь свою Сару от пытки напрасной,
Избавь от ножа и огня.
Отец мой сказал, что закон Моисея
Любить запрещает тебя.
Мой друг, я внимала отцу не бледнея,
Затем, что внимала любя...
И мне обещал он страданья, мученья,
И нож наточил роковой,
И вышел... Мой друг, берегись его мщенья, —
Он будет как тень за тобой.
Отцовского мщенья ужасны удары,
Беги же отсюда скорей!
Тебе не изменят уста твоей Сары
Под хладной рукой палачей.
Беги!..» Но на лик, из окна наклоненный,
Блеснул неожиданный свет,
И что-то сверкнуло в руке обнаженной,
И мрачен глухой был ответ.
И тяжкое что-то на камни упало,
И стон раздался под стеной, —
В нем все улетающей жизнью дышало,
И больше, чем жизнью одной!
Поутру, толпяся, народ изумленный
Кричал и шептал об одном:
Там в доме был русский, кинжалом пронзенный,
И женщины труп под окном."
Лермонтов М.Ю.,Парус,"Белеет парус одинокой
В тумане моря голубом!..
Что ищет он в стране далекой?
Что кинул он в краю родном?...
Играют волны — ветер свищет,
И мачта гнется и скрыпит...
Увы! Он счастия не ищет
И не от счастия бежит!
Под ним струя светлей лазури,
Над ним луч солнца золотой...
А он, мятежный, просит бури,
Как будто в бурях есть покой!"
Лермонтов М.Ю.,Благодарность,"За все, за все тебя благодарю я:
За тайные мучения страстей,
За горечь слез, отраву поцелуя,
За месть врагов и клевету друзей;
За жар души, растраченный в пустыне,
За все, чем я обманут в жизни был...
Устрой лишь так, чтобы тебя отныне
Недолго я еще благодарил.
"
Лермонтов М.Ю.,В альбом,"Нет! — я не требую вниманья
На грустный бред души моей,
Не открывать свои желанья
Привыкнул я с давнишних дней.
Пишу, пишу рукой небрежной,
Чтоб здесь чрез много скучных лет
От жизни краткой, но мятежной
Какой-нибудь остался след.

Быть может, некогда случится,
Что, все страницы пробежав,
На эту взор ваш устремится,
И вы промолвите: он прав;
Быть может, долго стих унылый
Тот взгляд удержит над собой,
Как близ дороги столбовой
Пришельца — памятник могилы!.."
Лермонтов М.Ю.,Молитва,"В минуту жизни трудную
Теснится ль в сердце грусть:
Одну молитву чудную
Твержу я наизусть.
Есть сила благодатная
В созвучье слов живых,
И дышит непонятная,
Святая прелесть в них.
С души как бремя скатится,
Сомненье далеко —
И верится, и плачется,
И так легко, легко..."
Лермонтов М.Ю.,Морская царевна,"В море царевич купает коня;
Слышит: «Царевич! взгляни на меня!»
Фыркает конь и ушами прядет,
Брызжет и плещет и дале плывет.
Слышит царевич: «Я царская дочь!
Хочешь провесть ты с царевною ночь?»
Вот показалась рука из воды,
Ловит за кисти шелковой узды.
Вышла младая потом голова,
В косу вплелася морская трава.
Синие очи любовью горят;
Брызги на шее, как жемчуг, дрожат.
Мыслит царевич: «Добро же! постой!»
За косу ловко схватил он рукой.
Держит, рука боевая сильна:
Плачет и молит и бьется она.
К берегу витязь отважно плывет;
Выплыл; товарищей громко зовет;
«Эй, вы! сходитесь, лихие друзья!
Гляньте, как бьется добыча моя...
Что ж вы стоите смущенной толпой?
Али красы не видали такой?»
Вот оглянулся царевич назад:
Ахнул! померк торжествующий взгляд.
Видит: лежит на песке золотом
Чудо морское с зеленым хвостом;
Хвост чешуею змеиной покрыт,
Весь замирая, свиваясь, дрожит;
Пена струями сбегает с чела,
Очи одела смертельная мгла.
Бледные руки хватают песок;
Шепчут уста непонятный упрек...
Едет царевич задумчиво прочь.
Будет он помнить про царскую дочь!"
Лермонтов М.Ю.,Веселый час,"Зачем вы на меня,
Любезные друзья,
В решетку так глядите?
Не плачьте, не грустите!
Пускай умру сейчас,
Коль я в углу темницы
Смочил один хоть раз
Слезой мои ресницы!..
Ликуйте вы одне
И чаши осушайте,
Любви в безумном сне,
Как прежде, утопайте;
Но в пламенном вине
Меня воспоминайте!.."
Лермонтов М.Ю.,Русская мелодия,"В уме своем я создал мир иной
И образов иных существованье;
Я цепью их связал между собой,
Я дал им вид, но не дал им названья;
Вдруг зимних бурь раздался грозный вой, —
И рушилось неверное созданье!..

Так перед праздною толпой
И с балалайкою народной
Сидит в тени певец простой
И бескорыстный, и свободный!..

Он громкий звук внезапно раздает,
В честь девы, милой сердцу и прекрасной, —
И звук внезапно струны оборвет,
И слышится начало песни! — но напрасно! —
Никто конца ее не допоет!.."
Лермонтов М.Ю.,Воздушный корабль,"По синим волнам океана,
Лишь звезды блеснут в небесах,
Корабль одинокий несется,
Несется на всех парусах.
Не гнутся высокие мачты,
На них флюгера не шумят,
И молча в открытые люки
Чугунные пушки глядят.
Не слышно на нем капитана,
Не видно матросов на нем;
Но скалы, и тайные мели,
И бури ему нипочем.
Есть остров на том океане —
Пустынный и мрачный гранит;
На острове том есть могила,
А в ней император зарыт.
Зарыт он без почестей бранных
Врагами в сыпучий песок,
Лежит на нем камень тяжелый,
Чтоб встать он из гроба не мог.
И в час его грустной кончины,
В полночь, как свершается год,
К высокому берегу тихо
Воздушный корабль пристает.
Из гроба тогда император,
Очнувшись, является вдруг;
На нем треугольная шляпа
И серый походный сюртук.
Скрестивши могучие руки,
Главу опустивши на грудь,
Идет и к рулю он садится
И быстро пускается в путь.
Несется он к Франции милой,
Где славу оставил и трон,
Оставил наследника сына
И старую гвардию он.
И только что землю родную
Завидит во мраке ночном,
Опять его сердце трепещет
И очи пылают огнем.
На берег большими шагами
Он смело и прямо идет,
Соратников громко он кличет
И маршалов грозно зовет.
Но спят усачи-гренадеры —
В равнине, где Эльба шумит,
Под снегом холодной России,
Под знойным песком пирамид.
И маршалы зова не слышат:
Иные погибли в бою,
Другие ему изменили
И продали шпагу свою.
И, топнув о землю ногою,
Сердито он взад и вперед
По тихому берегу ходит,
И снова он громко зовет:
Зовет он любезного сына,
Опору в превратной судьбе;
Ему обещает полмира,
А Францию только себе.
Но в цвете надежды и силы
Угас его царственный сын,
И долго, его поджидая,
Стоит император один —
Стоит он и тяжко вздыхает,
Пока озарится восток,
И капают горькие слезы
Из глаз на холодной песок,
Потом на корабль свой волшебный,
Главу опустивши на грудь,
Идет и, махнувши рукою,
В обратный пускается путь."
Лермонтов М.Ю.,Ветка Палестины,"Скажи мне, ветка Палестины:
Где ты росла, где ты цвела?
Каких холмов, какой долины
Ты украшением была?
У вод ли чистых Иордана
Востока луч тебя ласкал,
Ночной ли ветр в горах Ливана
Тебя сердито колыхал?
Молитву ль тихую читали,
Иль пели песни старины,
Когда листы твои сплетали
Солима бедные сыны?
И пальма та жива ль поныне?
Все так же ль манит в летний зной
Она прохожего в пустыне
Широколиственной главой?
Или в разлуке безотрадной
Она увяла, как и ты,
И дольний прах ложится жадно
На пожелтевшие листы?..
Поведай: набожной рукою
Кто в этот край тебя занес?
Грустил он часто над тобою?
Хранишь ты след горючих слез?
Иль, божьей рати лучший воин,
Он был, с безоблачным челом,
Как ты, всегда небес достоин
Перед людьми и божеством?..
Заботой тайною хранима
Перед иконой золотой
Стоишь ты, ветвь Ерусалима,
Святыни верный часовой!
Прозрачный сумрак, луч лампады,
Кивот и крест, символ святой...
Все полно мира и отрады
Вокруг тебя и над тобой."
Лермонтов М.Ю.,Листок,"Дубовый листок оторвался от ветки родимой
И в степь укатился, жестокою бурей гонимый;
Засох и увял он от холода, зноя и горя
И вот, наконец, докатился до Черного моря,
У Черного моря чинара стоит молодая;
С ней шепчется ветер, зеленые ветви лаская;
На ветвях зеленых качаются райские птицы;
Поют они песни про славу морской царь-девицы,
И странник прижался у корня чинары высокой;
Приюта на время он молит с тоскою глубокой,
И так говорит он: «Я бедный листочек дубовый,
До срока созрел я и вырос в отчизне суровой.
Один и без цели по свету ношуся давно я,
Засох я без тени, увял я без сна и покоя.
Прими же пришельца меж листьев своих изумрудных,
Немало я знаю рассказов мудреных и чудных».
«На что мне тебя? — отвечает младая чинара, —
Ты пылен и желт, — и сынам моим свежим не пара.
Ты много видал — да к чему мне твои небылицы?
Мой слух утомили давно уж и райские птицы.
Иди себе дальше; о странник! тебя я не знаю!
Я солнцем любима, цвету для него и блистаю;
По небу я ветви раскинула здесь на просторе,
И корни мои умывает холодное море».
"
Лермонтов М.Ю.,Дереву,"Давно ли с зеленью радушной
Передо мной стояло ты,
И я коре твоей послушной
Вверял любимые мечты;
Лишь год назад два талисмана
Светилися в тени твоей,
И ниже замысла обмана
Не скрылося в душе детей!..
Детей! — о! да, я был ребенок! —
Промчался легкой страсти сон;
Дремоты флёр был слишком тонок —
В единый миг прорвался он.
И деревцо с моей любовью
Погибло, чтобы вновь не цвесть;
Я жизнь его купил бы кровью, —
Но как переменить, что есть?
Ужели также вдохновенье
Умрет невозвратимо с ним?
Иль шуму светского волненья
Бороться с сердцем молодым?
Нет, нет, — мой дух бессмертен силой,
Мой гений веки пролетит;
И эти ветви над могилой
Певца-страдальца осветит."
Лермонтов М.Ю.,Завещание,"Есть место: близ тропы глухой,
В лесу пустынном средь поляны,
Где вьются вечером туманы,
Осеребренные луной...
Мой друг! ты знаешь ту поляну;
Там труп мой хладный ты зарой,
Когда дышать я перестану!

Могиле той не откажи
Ни в чем, последуя закону;
Поставь над нею крест из клену
И дикий камень положи;
Когда гроза тот лес встревожит,
Мой крест пришельца привлечет;
И добрый человек, быть может,
На диком камне отдохнет.
"
Лермонтов М.Ю.,К П......ну,"Забудь, любезный П<етерсо>н,
Мои минувшие сужденья;
Нет! недостоин бедный свет презренья,
Хоть наша жизнь минута сновиденья,
Хоть наша смерть струны порванной звон.
Мой ум его теперь ценить иначе станет.
Навряд ли кто-нибудь из нас страну узрит,
Где дружба дружбы не обманет,
Любовь любви не изменит.
Зачем же всё в сем мире бросить,
Зачем и счастья не найти:
Есть розы, друг, и на земном пути!
Их время злобное не все покосит!..
Пусть добродетель в прах падет,
Пусть будут все мольбы творцу бесплодны,
Навеки гений пусть умрет, —
Везде утехи есть толпе простонародной:
Но тот, на ком лежит уныния печать,
Кто, юный, потерял лета златые,
Того не могут услаждать
Ни дружба, ни любовь, ни песни боевые!.."
Лермонтов М.Ю.,И скучно и грустно,"И скучно и грустно, и некому руку подать
В минуту душевной невзгоды...
Желанья!.. что пользы напрасно и вечно желать?..
А годы проходят — все лучшие годы!
Любить... но кого же?.. на время — не стоит труда,
А вечно любить невозможно.
В себя ли заглянешь? — там прошлого нет и следа:
И радость, и муки, и все там ничтожно...
Что страсти? — ведь рано иль поздно их сладкий недуг
Исчезнет при слове рассудка;
И жизнь, как посмотришь с холодным вниманьем вокруг, —
Такая пустая и глупая шутка..."
Лермонтов М.Ю.,Одиночество,"Как страшно жизни сей оковы
Нам в одиночестве влачить.
Делить веселье — все готовы —
Никто не хочет грусть делить.
Один я здесь, как царь воздушный,
Страданья в сердце стеснены,
И вижу, как судьбе послушно,
Года уходят, будто сны;
И вновь приходят, с позлащенной,
Но той же старою мечтой,
И вижу гроб уединенный,
Он ждет; что ж медлить над землей?
Никто о том не покрутится,
И будут (я уверен в том)
О смерти больше веселиться,
Чем о рождении моем..."
Лермонтов М.Ю.,Поэт,"Когда Рафаэль вдохновенный
Пречистой девы лик священный
Живою кистью окончал,
Своим искусством восхищенный
Он пред картиною упал!
Но скоро сей порыв чудесный
Слабел в груди его младой,
И утомленный и немой,
Он забывал огонь небесный.
Таков поэт: чуть мысль блеснет,
Как он пером своим прольет
Всю душу; звуком громкой лиры
Чарует свет, и в тишине
Поет, забывшись в райском сне,
Вас, вас! души его кумиры!
И вдруг хладеет жар ланит,
Его сердечные волненья
Все тише, и призрак бежит!
Но долго, долго ум хранит
Первоначальны впечатленья."
Лермонтов М.Ю.,Поэт,"Отделкой золотой блистает мой кинжал;
Клинок надежный, без порока;
Булат его хранит таинственный закал —
Наследье бранного востока.
Наезднику в горах служил он много лет,
Не зная платы за услугу;
Не по одной груди провел он страшный след
И не одну прорвал кольчугу.
Забавы он делил послушнее раба,
Звенел в ответ речам обидным.
В те дни была б ему богатая резьба
Нарядом чуждым и постыдным.
Он взят за Тереком отважным казаком
На хладном трупе господина,
И долго он лежал заброшенный потом
В походной лавке армянина.
Теперь родных ножон, избитых на войне,
Лишен героя спутник бедный,
Игрушкой золотой он блещет на стене —
Увы, бесславный и безвредный!
Никто привычною, заботливой рукой
Его не чистит, не ласкает,
И надписи его, молясь перед зарей,
Никто с усердьем не читает...
В наш век изнеженный не так ли ты, поэт,
Свое утратил назначенье,
На злато променяв ту власть, которой свет
Внимал в немом благоговенье?
Бывало, мерный звук твоих могучих слов
Воспламенял бойца для битвы,
Он нужен был толпе, как чаша для пиров,
Как фимиам в часы молитвы.
Твой стих, как божий дух, носился над толпой;
И, отзыв мыслей благородных,
Звучал, как колокол на башне вечевой,
Во дни торжеств и бед народных.
Но скучен нам простой и гордый твой язык,
Нас тешат блёстки и обманы;
Как ветхая краса, наш ветхий мир привык
Морщины прятать под румяны...
Проснешься ль ты опять, осмеянный пророк?
Иль никогда, на голос мщенья
Из золотых ножон не вырвешь свой клинок,
Покрытый ржавчиной презренья?.."
Лермонтов М.Ю.,Поэт,"Погиб поэт! — невольник чести —
Пал, оклеветанный молвой,
С свинцом в груди и жаждой мести,
Поникнув гордой головой!..
Не вынесла душа поэта
Позора мелочных обид,
Восстал он против мнений света
Один, как прежде... и убит!
Убит!.. к чему теперь рыданья,
Пустых похвал ненужный хор
И жалкий лепет оправданья?
Судьбы свершился приговор!
Не вы ль сперва так злобно гнали
Его свободный, смелый дар
И для потехи раздували
Чуть затаившийся пожар?
Что ж? веселитесь... — он мучений
Последних вынести не мог:
Угас, как светоч, дивный гений,
Увял торжественный венок.
Его убийца хладнокровно
Навел удар... спасенья нет:
Пустое сердце бьется ровно.
В руке не дрогнул пистолет,
И что за диво?.. издалека,
Подобный сотням беглецов,
На ловлю счастья и чинов
Заброшен к нам по воле рока;
Смеясь, он дерзко презирал
Земли чужой язык и нравы;
Не мог щадить он нашей славы;
Не мог понять в сей миг кровавый,
На что́ он руку поднимал!..
И он убит — и взят могилой,
Как тот певец, неведомый, но милый,
Добыча ревности глухой,
Воспетый им с такою чудной силой,
Сраженный, как и он, безжалостной рукой.
Зачем от мирных нег и дружбы простодушной
Вступил он в этот свет, завистливый и душный
Для сердца вольного и пламенных страстей?
Зачем он руку дал клеветникам ничтожным,
Зачем поверил он словам и ласкам ложным,
Он, с юных лет постигнувший людей?..
И прежний сняв венок, — они венец терновый,
Увитый лаврами, надели на него:
Но иглы тайные сурово
Язвили славное чело;
Отравлены его последние мгновенья
Коварным шепотом насмешливых невежд,
И умер он — с напрасной жаждой мщенья,
С досадой тайною обманутых надежд.
Замолкли звуки чудных песен,
Не раздаваться им опять:
Приют певца угрюм и тесен,
И на устах его печать."
Лермонтов М.Ю.,Сон,"В полдневный жар в долине Дагестана
С свинцом в груди лежал недвижим я;
Глубокая еще дымилась рана,
По капле кровь точилася моя.
Лежал один я на песке долины;
Уступы скал теснилися кругом,
И солнце жгло их желтые вершины
И жгло меня — но спал я мертвым сном.
И снился мне сияющий огнями
Вечерний пир в родимой стороне.
Меж юных жен, увенчанных цветами,
Шел разговор веселый обо мне.
Но в разговор веселый не вступая,
Сидела там задумчиво одна,
И в грустный сон душа ее младая
Бог знает чем была погружена;
И снилась ей долина Дагестана;
Знакомый труп лежал в долине той;
В его груди, дымясь, чернела рана,
И кровь лилась хладеющей струей."
Лермонтов М.Ю.,Родина,"Люблю отчизну я, но странною любовью!
Не победит ее рассудок мой.
Ни слава, купленная кровью,
Ни полный гордого доверия покой,
Ни темной старины заветные преданья
Не шевелят во мне отрадного мечтанья,
Но я люблю — за что, не знаю сам —
Ее степей холодное молчанье,
Ее лесов безбрежных колыханье,
Разливы рек ее, подобные морям;
Проселочным путем люблю скакать в телеге
И, взором медленным пронзая ночи тень,
Встречать по сторонам, вздыхая о ночлеге,
Дрожащие огни печальных деревень.
Люблю дымок спаленной жнивы,
В степи ночующий обоз
И на холме средь желтой нивы
Чету белеющих берез.
С отрадой, многим незнакомой,
Я вижу полное гумно,
Избу, покрытую соломой,
С резными ставнями окно;
И в праздник, вечером росистым,
Смотреть до полночи готов
На пляску с топаньем и свистом
Под говор пьяных мужичков."
Лермонтов М.Ю.,empty,"Как часто, пестрою толпою окружен,
Когда передо мной, как будто бы сквозь сон,
При шуме музыки и пляски,
При диком шепоте затверженных речей,
Мелькают образы бездушные людей,
Приличьем стянутые маски,
Когда касаются холодных рук моих
С небрежной смелостью красавиц городских
Давно бестрепетные руки, —
Наружно погружась в их блеск и суету,
Ласкаю я в душе старинную мечту,
Погибших лет святые звуки.
И если как-нибудь на миг удастся мне
Забыться, — памятью к недавней старине
Лечу я вольной, вольной птицей;
И вижу я себя ребенком; и кругом
Родные всё места: высокий барский дом
И сад с разрушенной теплицей;
Зеленой сетью трав подернут спящий пруд,
А за прудом село дымится — и встают
Вдали туманы над полями.
В аллею темную вхожу я; сквозь кусты
Глядит вечерний луч, и желтые листы
Шумят под робкими шагами.
И странная тоска теснит уж грудь мою:
Я думаю об ней, я плачу и люблю,
Люблю мечты моей созданье
С глазами, полными лазурного огня,
С улыбкой розовой, как молодого дня
За рощей первое сиянье.
Так царства дивного всесильный господин —
Я долгие часы просиживал один,
И память их жива поныне
Под бурей тягостных сомнений и страстей,
Как свежий островок безвредно средь морей
Цветет на влажной их пустыне.
Когда ж, опомнившись, обман я узнаю,
И шум толпы людской спугнет мечту мою,
На праздник не́званую гостью,
О, как мне хочется смутить веселость их
И дерзко бросить им в глаза железный стих,
Облитый горечью и злостью!.."
Лермонтов М.Ю.,Утес,"Ночевала тучка золотая
На груди утеса-великана;
Утром в путь она умчалась рано,
По лазури весело играя;
Но остался влажный след в морщине
Старого утеса. Одиноко
Он стоит, задумался глубоко,
И тихонько плачет он в пустыне."
Лермонтов М.Ю.,Пророк,"С тех пор как вечный судия
Мне дал всеведенье пророка,
В очах людей читаю я
Страницы злобы и порока.
Провозглашать я стал любви
И правды чистые ученья:
В меня все ближние мои
Бросали бешено каменья.
Посыпал пеплом я главу,
Из городов бежал я нищий,
И вот в пустыне я живу,
Как птицы, даром божьей пищи;
Завет предвечного храня,
Мне тварь покорна там земная;
И звезды слушают меня,
Лучами радостно играя.
Когда же через шумный град
Я пробираюсь торопливо,
То старцы детям говорят
С улыбкою самолюбивой:
«Смотрите: вот пример для вас!
Он горд был, не ужился с нами:
Глупец, хотел уверить нас,
Что бог гласит его устами!
Смотрите ж, дети, на него:
Как он угрюм, и худ, и бледен!
Смотрите, как он наг и беден,
Как презирают все его!»"
Лермонтов М.Ю.,Пан,"Люблю, друзья, когда за речкой гаснет день,
Укрывшися лесов в таинственную сень,
Или под ветвями пустынныя рябины,
Смотреть на синие, туманные равнины.
Тогда приходит Пан с толпою пастухов;
И пляшут вкруг меня на бархате лугов.
Но чаще бог овец ко мне в уединенье
Является, ведя святое вдохновенье:
Главу рогатую ласкает легкий хмель,
В одной руке его стакан, в другой свирель!
Он учит петь меня: и я в тиши дубравы
Играю и пою, не зная жажды славы."
Есенин С.А.,Богатырский посвист,"Грянул гром. Чашка неба расколота.
Разорвалися тучи тесные.
На подвесках из легкого золота
Закачались лампадки небесные.
Отворили ангелы окно высокое,
Видят — умирает тучка безглавая,
А с запада, как лента широкая,
Подымается заря кровавая.
Догадалися слуги божии,
Что недаром земля просыпается,
Видно, мол, немцы негожие
Войной на мужика подымаются.
Сказали ангелы солнышку:
«Разбуди поди мужика, красное,
Потрепи его за головушку,
Дескать, беда для тебя опасная».
Встал мужик, из ковша умывается,
Ласково беседует с домашней птицею,
Умывшись, в лапти наряжается
И достает сошники с палицею.
Думает мужик дорогой в кузницу:
«Проучу я харю поганую».
И на ходу со злобы тужится,
Скидает с плечей сермягу рваную.
Сделал кузнец мужику пику вострую,
И уселся мужик на клячу брыкучую.
Едет он дорогой пестрою,
Насвистывает песню могучую.
Выбирает мужик дорожку приметнее,
Едет, свистит, ухмыляется,
Видят немцы — задрожали дубы столетние
На дубах от свиста листы валятся.
Побросали немцы шапки медные,
Испугались посвисту богатырского...
Правит Русь праздники победные,
Гудит земля от звона монастырского."
Есенин С.А.,Бабушкины сказки,"В зимний вечер по задворкам
Разухабистой гурьбой
По сугробам, по пригоркам
Мы идем, бредем домой.
Опостылеют салазки,
И садимся в два рядка
Слушать бабушкины сказки
Про Ивана-дурака.
И сидим мы, еле дышим.
Время к полночи идет.
Притворимся, что не слышим,
Если мама спать зовет.
Сказки все. Пора в постели...
Но а как теперь уж спать?
И опять мы загалдели,
Начинаем приставать.
Скажет бабушка несмело:
«Что ж, сидеть-то до зари?»
Ну, а нам какое дело, —
Говори да говори."
Есенин С.А.,Береза,"Белая береза
Под моим окном
Принакрылась снегом,
Точно серебром.
На пушистых ветках
Снежною каймой
Распустились кисти
Белой бахромой.
И стоит береза
В сонной тишине,
И горят снежинки
В золотом огне.
А заря, лениво
Обходя кругом,
Обсыпает ветки
Новым серебром."
Есенин С.А.,Бельгия,"Побеждена, но не рабыня,
Стоишь ты гордо без доспех,
Осквернена твоя святыня,
Зато душа чиста, как снег.
Кровавый пир в дыму пожара
Устроил грозный сатана,
И под мечом его удара
Разбита храбрая страна.
Но дух свободный, дух могучий
Великих сил не угасил,
Он, как орел, парит за тучей
Над цепью доблестных могил.
И жребий правды совершится:
Падет твой враг к твоим ногам
И будет с горестью молиться
Твоим разбитым алтарям.
"
Есенин С.А.,Моя жизнь,"Будто жизнь на страданья моя обречёна;
Горе вместе с тоской заградили мне путь;
Будто с радостью жизнь навсегда разлучёна,
От тоски и от ран истомилася грудь.
Будто в жизни мне выпал страданья удел;
Незавидная мне в жизни выпала доля.
Уж и так в жизни много всего я терпел,
Изнывает душа от тоски и от горя.
Даль туманная радость и счастье сулит,
А дойду — только слышатся вздохи да слезы,
Вдруг наступит гроза, сильный гром загремит
И разрушит волшебные, сладкие грезы.
Догадался и понял я жизни обман,
Не ропщу на свою незавидную долю.
Не страдает душа от тоски и от ран,
Не поможет никто ни страданьям, ни горю."
Есенин С.А.,Егорий,"В синих далях плоскогорий,
В лентах облаков
Собирал святой Егорий
Белыих волков.
«Ой ли, светы, [ратовой уж]
Слухайте мой сказ.
У меня в лихом изгой уж
Есть поклон до вас.
Все волчицы строят гнезда
В муромских лесах.
В их глазах застыли звезды
На ребячий страх.
И от тех ли серолобых
Ваш могучий род,
Как и вы, сгорает в злобах
Чужевой ⟨?⟩ оплот.
Но недавно помирились
С русским мужиком.
Долго злились, долго бились
В пуще вы тайком.
Там с закатных поднебесий
Скачет враг — силен,
Как на эти ли полесья
Затаил полон.
Чую, выйдет лохманида—
Не ужиться вам,
Но уж черная планида
Машет по горам».
Громовень подняли волки:
«Мы ль трусовики!
Когти остры, зубы колки —
Разорвем в клоки!»
Собирались все огулом
Вырядить свой суд.
Грозным криком, дальним гулом
Замирал их гуд.
Как почуяли облаву,
Вышли на бугор.
«Ты веди нас на расправу,
Храбрый наш Егор!»
«Ладно, — молвил им Егорий,—
Я вас поведу
Меж далеких плоскогорий,
Укрочу беду».
Скачет всадник с длинной пикой,
Распугал всех сов.
И дрожит земля от крика
Волчьих голосов."
Есенин С.А.,Голубень,"В прозрачном холоде заголубели долы,
Отчетлив стук подкованных копыт,
Трава, поблекшая, в расстеленные полы
Сбирает медь с обветренных ракит.
С пустых лощин ползет дугою тощей
Сырой туман, курчаво свившись в мох,
И вечер, свесившись над речкою, полощет
Водою белой пальцы синих ног.
*
Осенним холодом расцвечены надежды,
Бредет мой конь, как тихая судьба,
И ловит край махающей одежды
Его чуть мокрая буланая губа.
В дорогу дальнюю, не к битве, не к покою,
Влекут меня незримые следы,
Погаснет день, мелькнув пятой златою,
И в короб лет улягутся труды.
*
Сыпучей ржавчиной краснеют по дороге
Холмы плешивые и слегшийся песок,
И пляшет сумрак в галочьей тревоге,
Согнув луну в пастушеский рожок.
Молочный дым качает ветром села,
Но ветра нет, есть только легкий звон.
И дремлет Русь в тоске своей веселой,
Вцепивши руки в желтый крутосклон.
*
Манит ночлег, недалеко до хаты,
Укропом вялым пахнет огород,
На грядки серые капусты волноватой
Рожок луны по капле масло льет.
Тянусь к теплу, вдыхаю мягкость хлеба
И с хруптом мысленно кусаю огурцы,
За ровной гладью вздрогнувшее небо
Выводит облако из стойла под уздцы.
*
Ночлег, ночлег, мне издавна знакома
Твоя попутная разымчивость в крови,
Хозяйка спит, а свежая солома
Примята ляжками вдовеющей любви.
Уже светает, краской тараканьей
Обведена божница по углу,
Но мелкий дождь своей молитвой ранней
Еще стучит по мутному стеклу.
*
Опять передо мною голубое поле,
Качают лужи солнца рдяный лик.
Иные в сердце радости и боли,
И новый говор липнет на язык.
Водою зыбкой стынет синь во взорах,
Бредет мой конь, откинув удила,
И горстью смуглою листвы последний ворох
Кидает ветер вслед из подола."
Есенин С.А.,В хате,"Пахнет рыхлыми дроченами;
У порога в дежке квас,
Над печурками точеными
Тараканы лезут в паз.
Вьется сажа над заслонкою,
В печке нитки попелиц,
А на лавке за солонкою —
Шелуха сырых яиц.
Мать с ухватами не сладится,
Нагибается низко́,
Старый кот к махотке крадется
На парное молоко.
Квохчут куры беспокойные
Над оглоблями сохи,
На дворе обедню стройную
Запевают петухи.
А в окне на сени скатые,
От пугливой шумоты,
Из углов щенки кудлатые
Заползают в хомуты."
Есенин С.А.,У могилы,"В этой могиле под скромными ивами
Спит он, зарытый землей,
С чистой душой, со святыми порывами,
С верой зари огневой.
Тихо погасли огни благодатные
В сердце страдальца земли,
И на чело никому не понятные
Мрачные тени легли.
Спит он, а ивы над ним наклонилися,
Свесили ветви кругом,
Точно в раздумье они погрузилися,
Думают думы о нем.
Тихо от ветра, тоски напустившего,
Плачет, нахмурившись, даль,
Точно им всем безо времени сгибшего
Бедного юношу жаль."
Есенин С.А.,Воспоминание,"За окном, у ворот
Вьюга завывает,
А на печке старик
Юность вспоминает.
«Эх, была-де пора,
Жил, тоски не зная,
Лишь кутил да гулял,
Песни распевая.
А теперь, что за жизнь?
В тоске изнываю
И порой о тех днях
С грустью вспоминаю.
Погулял на веку,
Говорят, довольно.
Размахнуть старину
Не дают раздолья.
Полно, дескать, старик,
Не дури ты много,
Твой конец не велик,
Жизнь твоя у гроба.
Ну и что ж, покорюсь, —
Видно, моя доля.
Придет им тоже час
Старческого горя».
За окном, у ворот
Вьюга завывает,
А на печке старик
С грустью засыпает."
Есенин С.А.,Зима,"Вот уж осень улетела
И примчалася зима.
Как на крыльях, прилетела
Невидимо вдруг она.
Вот морозы затрещали
И сковали все пруды.
И мальчишки закричали
Ей «спасибо» за труды.
Вот появилися узоры
На стеклах дивной красоты.
Все устремили свои взоры,
Глядя на это. С высоты
Снег падает, мелькает, вьется,
Ложится белой пеленой.
Вот солнце в облаках мигает,
И иней на снегу сверкает."
Есенин С.А.,Письмо к женщине,"Вы помните,
Вы всё, конечно, помните,
Как я стоял,
Приблизившись к стене,
Взволнованно ходили вы по комнате
И что-то резкое
В лицо бросали мне.
Вы говорили:
Нам пора расстаться,
Что вас измучила
Моя шальная жизнь,
Что вам пора за дело приниматься,
А мой удел —
Катиться дальше, вниз.
Любимая!
Меня вы не любили.
Не знали вы, что в сонмище людском
Я был, как лошадь, загнанная в мыле,
Пришпоренная смелым ездоком.
Не знали вы,
Что я в сплошном дыму,
В развороченном бурей быте
С того и мучаюсь, что не пойму —
Куда несет нас рок событий.
Лицом к лицу
Лица не увидать.
Большое видится на расстоянье.
Когда кипит морская гладь,
Корабль в плачевном состоянье.
Земля — корабль!
Но кто-то вдруг
За новой жизнью, новой славой
В прямую гущу бурь и вьюг
Ее направил величаво.
Ну кто ж из нас на палубе большой
Не падал, не блевал и не ругался?
Их мало, с опытной душой,
Кто крепким в качке оставался.
Тогда и я,
Под дикий шум,
Но зрело знающий работу,
Спустился в корабельный трюм,
Чтоб не смотреть людскую рвоту.
Тот трюм был —
Русским кабаком.
И я склонился над стаканом,
Чтоб, не страдая ни о ком,
Себя сгубить
В угаре пьяном.
Любимая!
Я мучил вас,
У вас была тоска
В глазах усталых:
Что я пред вами напоказ
Себя растрачивал в скандалах.
Но вы не знали,
Что в сплошном дыму,
В развороченном бурей быте
С того и мучаюсь,
Что не пойму,
Куда несет нас рок событий...
"
Есенин С.А.,Собаке Качалова,"Дай, Джим, на счастье лапу мне,
Такую лапу не видал я сроду.
Давай с тобой полаем при луне
На тихую, бесшумную погоду.
Дай, Джим, на счастье лапу мне.
Пожалуйста, голубчик, не лижись.
Пойми со мной хоть самое простое.
Ведь ты не знаешь, что такое жизнь,
Не знаешь ты, что жить на свете стоит.
Хозяин твой и мил и знаменит,
И у него гостей бывает в доме много,
И каждый, улыбаясь, норовит
Тебя по шерсти бархатной потрогать.
Ты по-собачьи дьявольски красив,
С такою милою доверчивой приятцей.
И, никого ни капли не спросив,
Как пьяный друг, ты лезешь целоваться.
Мой милый Джим, среди твоих гостей
Так много всяких и невсяких было.
Но та, что всех безмолвней и грустней,
Сюда случайно вдруг не заходила?
Она придет, даю тебе поруку.
И без меня, в ее уставясь взгляд,
Ты за меня лизни ей нежно руку
За все, в чем был и не был виноват."
Есенин С.А.,Узоры,"Девушка в светлице вышивает ткани,
На канве в узорах копья и кресты.
Девушка рисует мертвых на поляне,
На груди у мертвых — красные цветы.
Нежный шелк выводит храброго героя,
Тот герой отважный — принц ее души.
Он лежит, сраженный в жаркой схватке боя,
И в узорах крови смяты камыши.
Кончены рисунки. Лампа догорает.
Девушка склонилась. Помутился взор.
Девушка тоскует. Девушка рыдает.
За окошком полночь чертит свой узор.
Траурные косы тучи разметали,
В пряди тонких локон впуталась луна.
В трепетном мерцанье, в белом покрывале
Девушка, как призрак, плачет у окна."
Есенин С.А.,Хулиган,"Дождик мокрыми метлами чистит
Ивняковый помет по лугам.
Плюйся, ветер, охапками листьев,
Я такой же, как ты, хулиган.
Я люблю, когда синие чащи,
Как с тяжелой походкой волы,
Животами, листвой хрипящими,
По коленкам марают стволы.
Вот оно, мое стадо рыжее!
Кто ж воспеть его лучше мог?
Вижу, вижу, как сумерки лижут
Следы человечьих ног.
Русь моя, деревянная Русь!
Я один твой певец и глашатай.
Звериных стихов моих грусть
Я кормил резедой и мятой.
Взбрезжи, полночь, луны кувшин
Зачерпнуть молока берез!
Словно хочет кого придушить
Руками крестов погост!
Бродит черная жуть по холмам,
Злобу вора струит в наш сад,
Только сам я разбойник и хам
И по крови степной конокрад.
Кто видал, как в ночи кипит
Кипяченых черемух рать?
Мне бы в ночь в голубой степи
Где-нибудь с кистенем стоять.
Ах, увял головы моей куст,
Засосал меня песенный плен.
Осужден я на каторге чувств
Вертеть жернова поэм.
Но не бойся, безумный ветр,
Плюй спокойно листвой по лугам.
Не сотрет меня кличка «поэт»,
Я и в песнях, как ты, хулиган."
Есенин С.А.,Корова,"Дряхлая, выпали зубы,
Свиток годов на рогах.
Бил ее выгонщик грубый
На перегонных полях.
Сердце неласково к шуму,
Мыши скребут в уголке.
Думает грустную думу
О белоногом телке.
Не дали матери сына,
Первая радость не впрок.
И на колу под осиной
Шкуру трепал ветерок.
Скоро на гречневом свее,
С той же сыновней судьбой,
Свяжут ей петлю на шее
И поведут на убой.
Жалобно, грустно и тоще
В землю вопьются рога...
Снится ей белая роща
И травяные луга.
"
Есенин С.А.,Кузнец,"Душно в кузнице угрюмой,
И тяжел несносный жар,
И от визга и от шума
В голове стоит угар.
К наковальне наклоняясь,
Машут руки кузнеца,
Сетью красной рассыпаясь,
Вьются искры у лица.
Взор отважный и суровый
Блещет радугой огней,
Словно взмах орла, готовый
Унестись за даль морей...
Куй, кузнец, рази ударом,
Пусть с лица струится пот.
Зажигай сердца пожаром,
Прочь от горя и невзгод!
Закали свои порывы,
Преврати порывы в сталь
И лети мечтой игривой
Ты в заоблачную даль.
Там вдали, за черной тучей,
За порогом хмурых дней,
Реет солнца блеск могучий
Над равнинами полей.
Тонут пастбища и нивы
В голубом сиянье дня,
И над пашнею счастливо
Созревают зеленя.
Взвейся к солнцу с новой силой,
Загорись в его лучах.
Прочь от робости постылой,
Сбрось скорей постыдный страх."
Есенин С.А.,Пороша,"Еду. Тихо. Слышны звоны
Под копытом на снегу,
Только серые вороны
Расшумелись на лугу.
Заколдован невидимкой,
Дремлет лес под сказку сна,
Словно белою косынкой
Подвязалася сосна.
Понагнулась, как старушка,
Оперлася на клюку,
А над самою макушкой
Долбит дятел на суку.
Скачет конь, простору много,
Валит снег и стелет шаль.
Бесконечная дорога
Убегает лентой вдаль.
"
Есенин С.А.,Ямщик,"За ухабины степные
Мчусь я лентой пустырей.
Эй вы, соколы родные,
Выносите поскорей!
Низкорослая слободка
В повечерешнем дыму.
Заждалась меня красотка
В чародейном терему.
Светит в темень позолотой
Размалевана дуга.
Ой вы, санки-самолеты,
Пуховитые снега!
Звоны резки, звоны гулки,
Бубенцам в шлее не счет.
А как гаркну на проулке,
Выбегает весь народ.
Выйдут парни, выйдут девки
Славить зимни вечера,
Голосатые запевки
Не смолкают до утра.
"
Есенин С.А.,Восход солнца,"Загорелась зорька красная
В небе темно-голубом,
Полоса явилась ясная
В своем блеске золотом.
Лучи солнышка высоко
Отразили в небе свет.
И рассыпались далеко
От них новые в ответ.
Лучи ярко-золотые
Осветили землю вдруг.
Небеса уж голубые
Расстилаются вокруг."
Есенин С.А.,С добрым утром!,"Задремали звезды золотые,
Задрожало зеркало затона,
Брезжит свет на заводи речные
И румянит сетку небосклона.
Улыбнулись сонные березки,
Растрепали шелковые косы.
Шелестят зеленые сережки,
И горят серебряные росы.
У плетня заросшая крапива
Обрядилась ярким перламутром
И, качаясь, шепчет шаловливо:
«С добрым утром!»
"
Есенин С.А.,Поминки,"Заслонили ветлы сиротливо
Косниками мертвые жилища.
Словно снег, белеется коливо —
На помин небесным птахам пища.
Тащат галки рис с могилок постный,
Вяжут нищие над сумками бечевки.
Причитают матери и крестны,
Голосят невесты и золовки.
По камням, над толстым слоем пыли,
Вьется хмель, запутанный и клейкий.
Длинный поп в худой епитрахили
Подбирает черные копейки.
Под черед за скромным подаяньем
Ищут странницы отпетую могилу.
И поет дьячок за поминаньем:
«Раб усопших, господи, помилуй»."
Есенин С.А.,Звезды,"Звездочки ясные, звезды высокие!
Что вы храните в себе, что скрываете?
Звезды, таящие мысли глубокие,
Силой какою вы душу пленяете?
Частые звездочки, звездочки тесные!
Что в вас прекрасного, что в вас могучего?
Чем увлекаете, звезды небесные,
Силу великую знания жгучего?
И почему так, когда вы сияете,
Маните в небо, в объятья широкие?
Смотрите нежно так, сердце ласкаете,
Звезды небесные, звезды далекие!
"
Есенин С.А.,Лебедушка,"Из-за леса, леса темного,
Подымалась красна зорюшка,
Рассыпала ясной радугой
Огоньки-лучи багровые.
Загорались ярким пламенем
Сосны старые, могучие,
Наряжали сетки хвойные
В покрывала златотканые.
А кругом роса жемчужная
Отливала блестки алые,
И над озером серебряным
Камыши, склонясь, шепталися.
В это утро вместе с солнышком
Уж из тех ли темных зарослей
Выплывала, словно зоренька,
Белоснежная лебедушка.
Позади ватагой стройною
Подвигались лебежатушки,
И дробилась гладь зеркальная
На колечки изумрудные.
И от той ли тихой заводи,
Посередь того ли озера,
Пролегла струя далекая
Лентой темной и широкою.
Уплывала лебедь белая
По ту сторону раздольную,
Где к затону молчаливому
Прилегла трава шелковая.
У побережья зеленого,
Наклонив головки нежные,
Перешептывались лилии
С ручейками тихозвонными.
Как и стала звать лебедушка
Своих малых лебежатушек
Погулять на луг пестреющий,
Пощипать траву душистую.
Выходили лебежатушки
Теребить траву-муравушку,
И росинки серебристые,
Словно жемчуг, осыпалися.
А кругом цветы лазоревы
Распускали волны пряные
И, как гости чужедальние,
Улыбались дню веселому.
И гуляли детки малые
По раздолью по широкому,
А лебедка белоснежная,
Не спуская глаз, дозорила.
Пролетал ли коршун рощею,
Иль змея ползла равниною,
Гоготала лебедь белая,
Созывая малых детушек.
Хоронились лебежатушки
Под крыло ли материнское,
И когда гроза скрывалася,
Снова бегали-резвилися.
Но не чуяла лебедушка,
Не видала оком доблестным,
Что от солнца золотистого
Надвигалась туча черная —
Молодой орел под облаком
Расправлял крыло могучее
И бросал глазами молнии
На равнину бесконечную.
Видел он у леса темного,
На пригорке у расщелины,
Как змея на солнце выползла
И свилась в колечко, грелася.
И хотел орел со злобою
Как стрела на землю кинуться,
Но змея его заметила
И под кочку притаилася.
Взмахом крыл своих под облаком
Он расправил когти острые
И, добычу поджидаючи,
Замер в воздухе распластанный.
Но глаза его орлиные
Разглядели степь далекую,
И у озера широкого
Он увидел лебедь белую.
Грозный взмах крыла могучего
Отогнал седое облако,
И орел, как точка черная,
Стал к земле спускаться кольцами.
В это время лебедь белая
Оглянула гладь зеркальную
И на небе отражавшемся
Увидала крылья длинные.
Встрепенулася лебедушка,
Закричала лебежатушкам,
Собралися детки малые
И под крылья схоронилися.
А орел, взмахнувши крыльями,
Как стрела на землю кинулся,
И впилися когти острые
Прямо в шею лебединую.
Распустила крылья белые
Белоснежная лебедушка
И ногами помертвелыми
Оттолкнула малых детушек.
Побежали детки к озеру,
Понеслись в густые заросли,
А из глаз родимой матери
Покатились слезы горькие.
А орел когтями острыми
Раздирал ей тело нежное,
И летели перья белые,
Словно брызги, во все стороны.
Колыхалось тихо озеро,
Камыши, склонясь, шепталися,
А под кочками зелеными
Хоронились лебежатушки.
"
Есенин С.А.,Сиротка,"Маша — круглая сиротка.
Плохо, плохо Маше жить,
Злая мачеха сердито
Без вины ее бранит.
Неродимая сестрица
Маше места не дает,
Плачет Маша втихомолку
И украдкой слезы льет.
Не перечит Маша брани,
Не теряет дерзких слов,
А коварная сестрица
Отбивает женихов.
Злая мачеха у Маши
Отняла ее наряд,
Ходит Маша без наряда,
И ребята не глядят.
Ходит Маша в сарафане,
Сарафан весь из заплат,
А на мачехиной дочке
Бусы с серьгами гремят.
Сшила Маша на подачки
Сарафан себе другой
И на голову надела
Полушалок голубой.
Хочет Маша понарядней
В церковь божию ходить
И у мачехи сердитой
Просит бусы ей купить.
Злая мачеха на Машу
Засучила рукава,
На устах у бедной Маши
Так и замерли слова.
Вышла Маша, зарыдала,
Только некуда идти,
Побежала б на кладбище,
Да могилки не найти.
Замела седая вьюга
Поле снежным полотном,
По дороженькам ухабы,
И сугробы под окном.
Вышла Маша на крылечко,
Стало больно ей невмочь.
А кругом лишь воет ветер,
А кругом лишь только ночь.
Плачет Маша у крылечка,
Притаившись за углом,
И заплаканные глазки
Утирает рукавом.
Плачет Маша, крепнет стужа.
Злится дедушка-мороз,
А из глаз ее, как жемчуг,
Вытекают капли слез.
Вышел месяц из-за тучек,
Ярким светом заиграл.
Видит Маша — на приступке
Кто-то бисер разметал.
От нечаянного счастья
Маша глазки подняла
И застывшими руками
Крупный жемчуг собрала.
Только Маша за колечко
Отворяет дверь рукой,  —
А с высокого сугроба
К ней бежит старик седой.
«Эй, красавица, постой-ка,
Замела совсем пурга!
Где-то здесь вот на крылечке
Позабыл я жемчуга».
Маша с тайною тревогой
Робко глазки подняла
И сказала, запинаясь:
«Я их в фартук собрала».
И из фартука стыдливо,
Заслонив рукой лицо,
Маша высыпала жемчуг
На обмерзшее крыльцо.
«Стой, дитя, не сыпь, не надо,  —
Говорит старик седой,  —
Это бисер ведь на бусы,
Это жемчуг, Маша, твой».
Маша с радости смеется,
Закраснелася, стоит,
А старик, склонясь над нею,
Так ей нежно говорит:
«О дитя, я видел, видел,
Сколько слез ты пролила
И как мачеха лихая
Из избы тебя гнала.
А в избе твоя сестрица
Любовалася собой
И, расчесывая косы,
Хохотала над тобой.
Ты рыдала у крылечка,
А кругом мела пурга,
Я в награду твои слезы
Заморозил в жемчуга.
За тебя, моя родная,
Стало больно мне невмочь
И озлобленным дыханьем
Застудил я мать и дочь.
Вот и вся моя награда
За твои потоки слез...
Я ведь, Маша, очень добрый,
Я ведь дедушка-мороз».
И исчез мороз трескучий...
Маша жемчуг собрала
И, прислушиваясь к вьюге,
Постояла и ушла.
Утром Маша рано-рано
Шла могилушку копать,
В это время царедворцы
Шли красавицу искать.
Приказал король им строго
Обойти свою страну
И красавицу собою
Отыскать себе жену.
Увидали они Машу,
Стали Маше говорить,
Только Маша порешила
Прежде мертвых схоронить.
Тихо справили поминки,
На душе утихла боль,
И на Маше, на сиротке,
Повенчался сам король."
Есенин С.А.,Пушкину,"Мечтая о могучем даре
Того, кто русской стал судьбой,
Стою я на Тверском бульваре,
Стою и говорю с собой.
Блондинистый, почти белесый,
В легендах ставший как туман,
О Александр! Ты был повеса,
Как я сегодня хулиган.
Но эти милые забавы
Не затемнили образ твой,
И в бронзе выкованной славы
Трясешь ты гордой головой.
А я стою, как пред причастьем,
И говорю в ответ тебе:
Я умер бы сейчас от счастья,
Сподобленный такой судьбе.
Но, обреченный на гоненье,
Еще я долго буду петь...
Чтоб и мое степное пенье
Сумело бронзой прозвенеть."
Есенин С.А.,Молитва матери,"На краю деревни старая избушка,
Там перед иконой молится старушка.
Молитва старушки сына поминает,
Сын в краю далеком родину спасает.
Молится старушка, утирает слезы,
А в глазах усталых расцветают грезы.
Видит она поле, поле перед боем,
Где лежит убитым сын ее героем.
На груди широкой брызжет кровь, что пламя,
А в руках застывших вражеское знамя.
И от счастья с горем вся она застыла,
Голову седую на руки склонила.
И закрыли брови редкие сединки,
А из глаз, как бисер, сыплются слезинки."
Есенин С.А.,Капли,"Капли жемчужные, капли прекрасные,
Как хороши вы в лучах золотых,
И как печальны вы, капли ненастные,
Осенью черной на окнах сырых.
Люди веселые в жизни забвения,
Как велики вы в глазах у других
И как вы жалки во мраке падения,
Нет утешенья вам в мире живых.
Капли осенние, сколько наводите
На душу грусти вы чувства тяжелого.
Тихо скользите по стеклам и бродите,
Точно как ищете что-то веселого.
Люди несчастные, жизнью убитые,
С болью в душе вы свой век доживаете.
Милое прошлое, вам не забытое,
Часто назад вы его призываете."
Некрасов Н.А.,Букинист,"А вот еще изданье. Страсть
Как грязно! Впрочем, ваша власть —
Взять иль не взять. Мне всё равно,
Найти купца немудрено.
Одно заметил я давно,
Что, как зазубрина на плуге,
На книге каждое пятно —
Немой свидетель о заслуге.
"
Некрасов Н.А.,Маша,"Белый день занялся над столицей,
Сладко спит молодая жена,
Только труженик муж бледнолицый
Не ложится — ему не до сна!
Завтра Маше подруга покажет
Дорогой и красивый наряд...
Ничего ему Маша не скажет,
Только взглянет... убийственный взгляд!
В ней одной его жизни отрада,
Так пускай в нем не видит врага:
Два таких он ей купит наряда,
А столичная жизнь дорога!
Есть, конечно, прекрасное средство:
Под рукою казенный сундук;
Но испорчен он был с малолетства
Изученьем опасных наук.
Человек он был новой породы:
Исключительно честь понимал
И безгрешные даже доходы
Называл воровством, либерал!
Лучше жить бы хотел он попроще,
Не франтить, не тянуться бы в свет, —
Да обидно покажется теще,
Да осудит богатый сосед!
Всё бы вздор... только с Машей не сладишь,
Не втолкуешь — глупа, молода!
Скажет: «Так за любовь мою платишь!»
Нет! упреки тошнее труда!
И кипит-поспевает работа,
И болит-надрывается грудь...
Наконец наступила суббота:
Вот и праздник — пора отдохнуть!
Он лелеет красавицу Машу,
Выпив полную чашу труда,
Наслаждения полную чашу
Жадно пьет... и он счастлив тогда!
Если дни его полны печали,
То минуты порой хороши,
Но и самая радость едва ли
Не вредна для усталой души.
Скоро в гроб его Маша уложит,
Проклянет свой сиротский удел
И, бедняжка! ума не приложит,
Отчего он так скоро сгорел?"
Некрасов Н.А.,Дома — лучше!,"В Европе удобно, но родины ласки
Ни с чем не сравнимы. Вернувшись домой,
В телегу спешу пересесть из коляски
И марш на охоту! Денек недурной,
Под солнцем осенним родная картина
Отвыкшему глазу нова...
О матушка Русь! ты приветствуешь сына
Так нежно, что кругом идет голова!
Твои мужики на меня выгоняли
Зверей из лесов целый день,
А ночью возвратный мой путь освещали
Пожары твоих деревень.
"
Некрасов Н.А.,Ванька,"Смешная сцена! Ванька-дуралей,
Чтоб седока промыслить побогаче,
Украдкой чистит бляхи на своей
Ободранной и заморенной кляче.
Не так ли ты, продажная краса,
Себе придать желая блеск фальшивый,
Старательно взбиваешь волоса
На голове, давно полуплешивой?
Но оба вы — извозчик-дуралей
И ты, смешно причесанная дама, —
Вы пробуждаете не смех в душе моей —
Мерещится мне всюду драма."
Некрасов Н.А.,Приметы,"Видно, вновь в какой нелепости
Молодежь уличена, —
На квартиры подле крепости
Поднимается цена.
Каждый день старушки бледные
Наезжают в гости к нам
И берут лачужки бедные
По неслыханным ценам.
Оживает наша тихая
Палестина, — к Рождеству
Разоденусь, как купчиха, я
И копейку наживу."
Некрасов Н.А.,В больнице,"Вот и больница. Светя, показал
В угол нам сонный смотритель.
Трудно и медленно там угасал
Честный бедняк сочинитель.
Мы попрекнули невольно его,
Что, зануждавшись в столице,
Не известил он друзей никого,
А приютился в больнице...
«Что за беда, — он шутя отвечал, —
Мне и в больнице покойно.
Я всё соседей моих наблюдал:
Многое, право, достойно
Гоголя кисти. Вот этот субъект,
Что меж кроватями бродит, —
Есть у него превосходный проект,
Только — беда! не находит
Денег... а то бы давно превращал
Он в бриллианты крапиву.
Он покровительство мне обещал
И миллион на разживу!
Вот старикашка актер: на людей
И на судьбу негодует;
Перевирая, из старых ролей
Всюду двустишия сует;
Он добродушен, задорен и мил,
Жалко — уснул (или умер?) —
А то бы верно он вас посмешил...
Смолк и семнадцатый нумер!
А как он бредил деревней своей,
Как, о семействе тоскуя,
Ласки последней просил у детей,
А у жены поцелуя!
Не просыпайся же, бедный больной!
Так в забытьи и умри ты...
Очи твои не любимой рукой —
Сторожем будут закрыты!
Завтра дежурные нас обойдут,
Саваном мертвых накроют,
Счетом в мертвецкий покой отнесут,
Счетом в могилу зароют.
И уж тогда не являйся жена,
Чуткая сердцем, в больницу —
Бедного мужа не сыщет она,
Хоть раскопай всю столицу!
Случай недавно ужасный тут был:
Пастор какой-то немецкой
К сыну приехал — и долго ходил...
„Вы поищите в мертвецкой“, —
Сторож ему равнодушно сказал;
Бедный старик пошатнулся,
В страшном испуге туда побежал,
Да, говорят, и рехнулся!
Слезы ручьями текут по лицу,
Он между трупами бродит:
Молча заглянет в лицо мертвецу,
Молча к другому подходит...
Впрочем, не вечно чужою рукой
Здесь закрываются очи.
Помню: с прошибенной в кровь головой
К нам привели среди ночи
Старого вора — в остроге его
Буйный товарищ изранил.
Он не хотел исполнять ничего,
Только грозил и буянил.
Наша сиделка к нему подошла,
Вздрогнула вдруг — и ни слова...
В странном молчанье минута прошла:
Смотрят один на другого!
Кончилось тем, что угрюмый злодей,
Пьяный, обрызганный кровью,
Вдруг зарыдал — перед первой своей,
Светлой и честной любовью.
(Смолоду знали друг друга они...)
Круто старик изменился:
Плачет да молится целые дни,
Перед врачами смирился.
Не было средства, однако, помочь...
Час его смерти был странен
(Помню я эту печальную ночь):
Он уже был бездыханен,
А всепрощающий голос любви,
Полный мольбы бесконечной,
Тихо над ним раздавался: „Живи,
Милой, желанной, сердечной!“
Всё, что имела она, продала —
С честью его схоронила.
Бедная! как она мало жила!
Как она много любила!
А что любовь ей дала, кроме бед,
Кроме печали и муки?
Смолоду — стыд, а на старости лет —
Ужас последней разлуки!..
Есть и писатели здесь, господа.
Вот посмотрите: украдкой,
Бледен и робок, подходит сюда
Юноша с толстой тетрадкой.
С юга пешком привела его страсть
В дальнюю нашу столицу —
Думал бедняга в храм славы попасть —
Рад, что попал и в больницу!
Всем он читал свой ребяческий бред —
Было тут смеху и шуму!
Я лишь один не смеялся... о нет!
Думал я горькую думу.
Братья-писатели! в нашей судьбе
Что-то лежит роковое:
Если бы все мы, не веря себе,
Выбрали дело другое —
Не было б точно, согласен и я,
Жалких писак и педантов —
Только бы не было также, друзья,
Скоттов, Шекспиров и Дантов!
Чтоб одного возвеличить, борьба
Тысячи слабых уносит —
Даром ничто не дается: судьба
Жертв искупительных просит».
Тут наш приятель глубоко вздохнул,
Начал метаться тревожно;
Мы посидели, пока он уснул, —
И разошлись осторожно..."
Некрасов Н.А.,Тишина,"Всё рожь кругом, как степь живая,
Ни за́мков, ни морей, ни гор...
Спасибо, сторона родная,
За твой врачующий простор!
За дальним Средиземным морем,
Под небом ярче твоего,
Искал я примиренья с горем,
И не нашел я ничего!
Я там не свой: хандрю, немею,
Не одолев мою судьбу,
Я там погнулся перед нею,
Но ты дохнула — и сумею,
Быть может, выдержать борьбу!
Я твой. Пусть ропот укоризны
За мною по пятам бежал,
Не небесам чужой отчизны —
Я песни родине слагал!
И ныне жадно поверяю
Мечту любимую мою
И в умиленье посылаю
Всему привет... Я узнаю
Суровость рек, всегда готовых
С грозою выдержать войну,
И ровный шум лесов сосновых,
И деревенек тишину,
И нив широкие размеры...
Храм божий на горе мелькнул
И детски чистым чувством веры
Внезапно на душу пахнул.
Нет отрицанья, нет сомненья,
И шепчет голос неземной:
Лови минуту умиленья,
Войди с открытой головой!
Как ни тепло чужое море,
Как ни красна чужая даль,
Не ей поправить наше горе,
Размыкать русскую печаль!
Храм воздыханья, храм печали —
Убогий храм земли твоей:
Тяжеле стонов не слыхали
Ни римский Петр, ни Колизей!
Сюда народ, тобой любимый,
Своей тоски неодолимой
Святое бремя приносил —
И облегченный уходил!
Войди! Христос наложит руки
И снимет волею святой
С души оковы, с сердца муки
И язвы с совести больной...
Я внял... я детски умилился...
И долго я рыдал и бился
О плиты старые челом,
Чтобы простил, чтоб заступился,
Чтоб осенил меня крестом
Бог угнетенных, бог скорбящих,
Бог поколений, предстоящих
Пред этим скудным алтарем!"
Некрасов Н.А.,Поэту,"Где вы — певцы любви, свободы, мира
И доблести?.. Век «крови и меча»!
На трон земли ты посадил банкира,
Провозгласил героем палача...
Толпа гласит: «Певцы не нужны веку!»
И нет певцов... Замолкло божество...
О, кто ж теперь напомнит человеку
Высокое призвание его?..
Прости слепцам, художник вдохновенный,
И возвратись!.. Волшебный факел свой,
Погашенный рукою дерзновенной,
Вновь засвети над гибнущей толпой!
Вооружись небесными громами!
Наш падший дух взнеси на высоту,
Чтоб человек не мертвыми очами
Мог созерцать добро и красоту...
Казни корысть, убийство, святотатство!
Сорви венцы с предательских голов,
Увлекших мир с пути любви и братства,
Стяжанного усильями веков,
На путь вражды!.. В его дела и чувства
Гармонию внести лишь можешь ты.
В твоей груди, гонимый жрец искусства,
Трон истины, любви и красоты."
Некрасов Н.А.,Муж и жена,"«Глашенька! Пустошь Ивашево —
Треть состояния нашего:
Не продавай ее, ангельчик мой!
Выдай обратно задаток...»
Слезы, нервический хохот, припадок:
— Я задолжала — и срок за спиной... —
«Глаша, не плачь! я — хозяин плохой.
Делай что хочешь со мной.
Сердце мое, исходящее кровью,
Всевыносящей любовью
Полно, друг мой!»
«Глаша! волнует и мучит
Чувство ревнивое душу мою.
Этот учитель, что Петеньку учит...»
— Так! муженька узнаю!
О, если б знал ты, как зол ты и гадок. —
Слезы, нервический хохот, припадок...
«Знаю, прости! Я — ревнивец большой!
Делай что хочешь со мной.
Сердце мое, исходящее кровью,
Всевыносящей любовью
Полно, друг мой!»
«Глаша! как часто ты нынче гуляешь;
Ты хоть сегодня останься со мной.
Много скопилось работы, — ты знаешь,
Чтоб одолеть ее, нужен покой!»
Слезы, нервический хохот, припадок...
«Глаша, иди! Я — безумец, я гадок,
Я — эгоист бессердечный и злой,
Делай что хочешь со мной.
Сердце мое, исходящее кровью,
Всевыносящей любовью
Полно, друг мой!»"
Некрасов Н.А.,З⟨и⟩не,"Двести уж дней,
Двести ночейA
Муки мои продолжаются;
Ночью и днем
В сердце твоем
Стоны мои отзываются,
Двести уж дней,
Двести ночей!
Темные зимние дни,
Ясные зимние ночи...
З⟨и⟩на! закрой утомленные очи!
З⟨и⟩на! усни!
"
Некрасов Н.А.,До сумерек,"Ветер что-то удушлив не в меру,
В нем зловещая нота звучит,
Всё холеру — холеру — холеру —
Тиф и всякую немочь сулит!
Все больны, торжествует аптека
И варит свои зелья гуртом;
В целом городе нет человека,
В ком бы желчь не кипела ключом;
Муж, супругою страстно любимый,
В этот день не понравится ей,
И преступник, сегодня судимый,
Вдвое больше получит плетей.
Всюду встретишь жестокую сцену, —
Полицейский, не в меру сердит,
Тесаком, как в гранитную стену,
В спину бедного Ваньки стучит.
Чу! визгливые стоны собаки!
Вот сильней, — видно, треснули вновь.
Стали греться — догрелись до драки
Два калашника... хохот — и кровь!"
Некрасов Н.А.,Сущность,"Если в душе твоей ясны
Типы добра и любви.
В мире все темы прекрасны,
Музу смелее зови.
Муза тебя посетила:
Смутно блуждает твой взор!
В первом наитии сила!
Брось начатой разговор.
"
Некрасов Н.А.,Форма,"Форме дай щедрую дань
Временем: важен в поэме
Стиль, отвечающий теме.
Стих, как монету, чекань
Строго, отчетливо, честно,
Правилу следуй упорно:
Чтобы словам было тесно,
Мыслям — просторно."
Некрасов Н.А.,Перед дождем,"Заунывный ветер гонит
Стаю туч на край небес.
Ель надломленная стонет,
Глухо шепчет темный лес.
На ручей, рябой и пестрый,
За листком летит листок,
И струей сухой и острой
Набегает холодок.
Полумрак на всё ложится;
Налетев со всех сторон,
С криком в воздухе кружится
Стая галок и ворон.
Над проезжей таратайкой
Спущен верх, перед закрыт;
И «пошел!» — привстав с нагайкой,
Ямщику жандарм кричит..."
Некрасов Н.А.,Зеленый Шум,"Идет-гудет Зеленый Шум,
Зеленый Шум, весенний шум!
Играючи, расходится
Вдруг ветер верховой:
Качнет кусты ольховые,
Подымет пыль цветочную,
Как облако, — всё зелено,
И воздух, и вода!
Идет-гудет Зеленый Шум,
Зеленый Шум, весенний шум!
Скромна моя хозяюшка
Наталья Патрикеевна,
Водой не замутит!
Да с ней беда случилася,
Как лето жил я в Питере...
Сама сказала, глупая,
Типун ей на язык!
В избе сам-друг с обманщицей
Зима нас заперла,
В мои глаза суровые
Глядит, — молчит жена.
Молчу... а дума лютая
Покоя не дает:
Убить... так жаль сердечную!
Стерпеть — так силы нет!
А тут зима косматая
Ревет и день и ночь:
«Убей, убей изменницу!
Злодея изведи!
Не то весь век промаешься,
Ни днем, ни долгой ноченькой
Покоя не найдешь.
В глаза твои бесстыжие
Соседи наплюют!..»
Под песню-вьюгу зимнюю
Окрепла дума лютая —
Припас я вострый нож...
Да вдруг весна подкралася...
Идет-гудет Зеленый Шум,
Зеленый Шум, весенний шум!
Как молоком облитые,
Стоят сады вишневые,
Тихохонько шумят;
Пригреты теплым солнышком,
Шумят повеселелые
Сосновые леса;
А рядом новой зеленью
Лепечут песню новую
И липа бледнолистая,
И белая березонька
С зеленою косой!
Шумит тростинка малая,
Шумит высокий клен...
Шумят они по-новому,
По-новому, весеннему...
Идет-гудет Зеленый Шум,
Зеленый Шум, весенний шум!
Слабеет дума лютая,
Нож валится из рук,
И всё мне песня слышится
Одна — в лесу, в лугу:
«Люби, покуда любится,
Терпи, покуда терпится,
Прощай, пока прощается,
И — бог тебе судья!»"
Некрасов Н.А.,Колыбельная песня,"Спи, пострел, пока безвредный!
Баюшки-баю.
Тускло смотрит месяц медный
В колыбель твою.
Стану сказывать не сказки —
Правду пропою;
Ты ж дремли, закрывши глазки,
Баюшки-баю.
По губернии раздался
Всем отрадный клик:
Твой отец под суд попался —
Явных тьма улик.
Но отец твой — плут известный —
Знает роль свою.
Спи, пострел, покуда честный!
Баюшки-баю.
Подрастешь — и мир крещеный
Скоро сам поймешь,
Купишь фрак темно-зеленый
И перо возьмешь.
Скажешь: «Я благонамерен,
За добро стою!»
Спи — твой путь грядущий верен!
Баюшки-баю.
Будешь ты чиновник с виду
И подлец душой,
Провожать тебя я выду —
И махну рукой!
В день привыкнешь ты картинно
Спину гнуть свою...
Спи, пострел, пока невинный!
Баюшки-баю.
Тих и кроток, как овечка,
И крепонек лбом,
До хорошего местечка
Доползешь ужом —
И охулки не положишь
На руку свою.
Спи, покуда красть не можешь!
Баюшки-баю.
Купишь дом многоэтажный,
Схватишь крупный чин
И вдруг станешь барин важный,
Русский дворянин.
Заживешь — и мирно, ясно
Кончишь жизнь свою...
Спи, чиновник мой прекрасный!
Баюшки-баю."
Некрасов Н.А.,Молодые лошади,"Лошади бойко по рельсам катили
Полный громадный вагон.
С рельсов сошел неожиданно он...
Лошади рьяны и молоды были —
Дружно рванулись... опять и опять —
Не поддается вагон ни на пядь,
С час они силы свои напрягали,
Надорвались — и упали...
«Бедные!» — кто-то сказал из окна.
«Глупые!» — кто-то заметил с балкона...
О, поскорее на рельсы!.. Страшна
Тяжесть сошедшего с рельсов вагона."
Некрасов Н.А.,Музе,"О Муза! наша песня спета.
Приди, закрой глаза поэта
На вечный сон небытия,
Сестра народа — и моя!
"
Некрасов Н.А.,Муза,"Нет, Музы ласково поющей и прекрасной
Не помню над собой я песни сладкогласной!
В небесной красоте, неслышимо, как дух,
Слетая с высоты, младенческий мой слух
Она гармонии волшебной не учила,
В пеленках у меня свирели не забыла,
Среди забав моих и отроческих дум
Мечтой неясною не волновала ум
И не явилась вдруг восторженному взору
Подругой любящей в блаженную ту пору,
Когда томительно волнуют нашу кровь
Неразделимые и Муза и Любовь...
Но рано надо мной отяготели узы
Другой, неласковой и нелюбимой Музы,
Печальной спутницы печальных бедняков,
Рожденных для труда, страданья и оков, —
Той Музы плачущей, скорбящей и болящей,
Всечасно жаждущей, униженно просящей,
Которой золото — единственный кумир...
В усладу нового пришельца в божий мир,
В убогой хижине, пред дымною лучиной,
Согбенная трудом, убитая кручиной,
Она певала мне — и полон был тоской
И вечной жалобой напев ее простой.
Случалось, не стерпев томительного горя,
Вдруг плакала она, моим рыданьям вторя,
Или тревожила младенческий мой сон
Разгульной песнею... Но тот же скорбный стон
Еще пронзительней звучал в разгуле шумном.
Всё слышалося в нем в смешении безумном;
Расчеты мелочной и грязной суеты,
И юношеских лет прекрасные мечты,
Погибшая любовь, подавленные слезы,
Проклятья, жалобы, бессильные угрозы.
В порыве ярости, с неправдою людской
Безумная клялась начать упорный бой.
Предавшись дикому и мрачному веселью,
Играла бешено моею колыбелью,
Кричала: «Мщение!» — и буйным языком
В сообщники свои звала господень гром!
В душе озлобленной, но любящей и нежной
Непрочен был порыв жестокости мятежной.
Слабея медленно, томительный недуг
Смирялся, утихал... и выкупалось вдруг
Всё буйство дикое страстей и скорби лютой
Одной божественно-прекрасною минутой,
Когда страдалица, поникнув головой,
«Прощай врагам своим!» — шептала надо мной...
Так вечно плачущей и непонятной девы
Лелеяли мой слух суровые напевы,
Покуда наконец обычной чередой
Я с нею не вступил в ожесточенный бой.
Но с детства прочного и кровного союза
Со мною разорвать не торопилась Муза:
Чрез бездны темные Насилия и Зла,
Труда и Голода она меня вела —
Почувствовать свои страданья научила
И свету возвестить о них благословила..."
Некрасов Н.А.,Памяти Белинского,"Наивная и страстная душа,
В ком помыслы прекрасные кипели,
Упорствуя, волнуясь и спеша,
Ты честно шел к одной высокой цели;
Кипел, горел — и быстро ты угас!
Ты нас любил, ты дружеству был верен
И мы тебя почтили в добрый час!
Ты по судьбе печальной беспримерен:
Твой труд живет и долго не умрет,
А ты погиб, несчастлив и незнаем!
И с дерева неведомого плод,
Беспечные, беспечно мы вкушаем.
Нам дела нет, кто возрастил его,
Кто посвящал ему и труд и время,
И о тебе не скажет ничего
Своим потомкам сдержанное племя...
И, с каждым днем окружена тесней,
Затеряна давно твоя могила,
И память благодарная друзей
Дороги к ней не проторила..."
Некрасов Н.А.,Огородник,"Не гулял с кистенем я в дремучем лесу,
Не лежал я во рву в непроглядную ночь, —
Я свой век загубил за девицу-красу,
За девицу-красу, за дворянскую дочь.
Я в немецком саду работал по весне,
Вот однажды сгребаю сучки да пою,
Глядь, хозяйская дочка стоит в стороне,
Смотрит в оба да слушает песню мою.
По торговым селам, по большим городам
Я недаром живал, огородник лихой,
Раскрасавиц девиц насмотрелся я там,
А такой не видал, да и нету другой.
Черноброва, статна, словно сахар бела!..
Стало жутко, я песни своей не допел.
А она — ничего, постояла, прошла,
Оглянулась: за ней как шальной я глядел.
Я слыхал на селе от своих молодиц,
Что и сам я пригож, не уродом рожден, —
Словно сокол гляжу, круглолиц, белолиц,
У меня ль, молодца, кудри — чесаный лен...
Разыгралась душа на часок, на другой...
Да как глянул я вдруг на хоромы ее —
Посвистал и махнул молодецкой рукой,
Да скорей за мужицкое дело свое!
А частенько она приходила с тех пор
Погулять, посмотреть на работу мою
И смеялась со мной и вела разговор:
Отчего приуныл? что давно не пою?
Я кудрями тряхну, ничего не скажу,
Только буйную голову свешу на грудь...
«Дай-ка яблоньку я за тебя посажу,
Ты устал, — чай, пора уж тебе отдохнуть».
— Ну, пожалуй, изволь, госпожа, поучись,
Пособи мужику, поработай часок. —
Да как заступ брала у меня, смеючись,
Увидала на правой руке перстенек...
Очи стали темней непогодного дня,
На губах, на щеках разыгралася кровь.
— Что с тобой, госпожа? Отчего на меня
Неприветно глядишь, хмуришь черную бровь?
«От кого у тебя перстенек золотой?»
— Скоро старость придет, коли будешь всё знать.
«Дай-ка я погляжу, несговорный какой!» —
И за палец меня белой рученькой хвать!
Потемнело в глазах, душу кинуло в дрожь,
Я давал — не давал золотой перстенек...
Я вдруг вспомнил опять, что и сам я пригож,
Да не знаю уж как — в щеку девицу чмок!..
Много с ней скоротал невозвратных ночей
Огородник лихой... В ясны очи глядел,
Расплетал, заплетал русу косыньку ей,
Цаловал-миловал, песни волжские пел.
Мигом лето прошло, ночи стали свежей,
А под утро мороз под ногами хрустит.
Вот однажды, как я крался в горенку к ней,
Кто-то цап за плечо: «Держи вора!» — кричит.
Со стыдом молодца на допрос привели,
Я стоял да молчал, говорить не хотел...
И красу с головы острой бритвой снесли,
И железный убор на ногах зазвенел.
Постегали плетьми, и уводят дружка
От родной стороны и от лапушки прочь
На печаль и страду!.. Знать, любить не рука
Мужику-вахлаку да дворянскую дочь!"
Некрасов Н.А.,Выбор,"Ночка сегодня морозная, ясная.
В горе стоит над рекой
Русская девица, девица красная,
Щупает прорубь ногой.
Тонкий ледок под ногою ломается,
Вот на него набежала вода;
Царь водяной из воды появляется,
Шепчет: «Бросайся, бросайся сюда!
Любо здесь!» Девица, зову покорная,
Вся наклонилась к нему.
«Сердце покинет кручинушка черная,
Только разок обойму,
Прянь!..» И руками к ней длинными тянется...
Синие льды затрещали кругом,
Дрогнула девица! Ждет — не оглянется —
Кто-то шагает, идет прямиком.
«Прянь! Будь царицею царства подводного!..»
Тут подошел воевода Мороз:
«Я тебя, я тебя, вора негодного!
Чуть было девку мою не унес!»
Белый старик с бородою пушистою
На́ воду трижды дохнул,
Прорубь подернулась корочкой льдистою,
Царь водяной подо льдом потонул.
Молвил Мороз: «Не топися, красавица!
Слез не осушишь водой,
Жадная рыба, речная пиявица
Там твой нарушат покой;
Там защекотят тебя водяные,
Раки вопьются в высокую грудь,
Ноги опутают травы речные.
Лучше со мной эту ночку побудь!
К утру я горе твое успокою,
Сладкие грезы его усыпят,
Будешь ты так же пригожа собою,
Только красивее дам я наряд:
В белом венке голова засияет
Завтра, чуть красное солнце взойдет».
Девица берег реки покидает,
К темному лесу идет.
Села на пень у дороги: ласкается
К ней воевода-старик.
Дрогнется — зубы колотят — зевается —
Вот и закрыла глаза... забывается...
Вдруг разбудил ее Лешего крик:
«Девонька! встань ты на резвые ноги,
Долго Морозко тебя протомит.
Спал я и слышал давно: у дороги
Кто-то зубами стучит,
Жалко мне стало. Иди-ка за мною,
Что за охота всю ноченьку ждать!
Да и умрешь — тут не будет покою:
Станут оттаивать, станут качать!
Я заведу тебя в чащу лесную,
Где никому до тебя не дойти,
Выберем, девонька, сосну любую...»
Девица с Лешим решилась идти.
Идут. Навстречу медведь попадается,
Девица вскрикнула — страх обуял.
Хохотом Лешего лес наполняется:
«Смерть не страшна, а медведь испугал!
Экой лесок, что ни дерево — чудо!
Девонька! глянь-ка, какие стволы!
Глянь на вершины — с синицу оттуда
Кажутся спящие летом орлы!
Темень тут вечная, тайна великая,
Солнце сюда не доносит лучей,
Буря взыграет — ревущая, дикая —
Лес не подумает кланяться ей!
Только вершины поропщут тревожно...
Ну, полезай! подсажу осторожно...
Люб тебе, девица, лес вековой!
С каждого дерева броситься можно
Вниз головой!»"
Некрасов Н.А.,Мать,"Она была исполнена печали,
И между тем, как шумны и резвы
Три отрока вокруг нее играли,
Ее уста задумчиво шептали:
«Несчастные! зачем родились вы?
Пойдете вы дорогою прямою
И вам судьбы своей не избежать!»
Не омрачай веселья их тоскою,
Не плачь над ними, мученица-мать!
Но говори им с молодости ранней:
Есть времена, есть целые века,
В которые нет ничего желанней,
Прекраснее — тернового венка..."
Некрасов Н.А.,Осень,"Прежде — праздник деревенский,
Нынче — осень голодна;
Нет конца печали женской,
Не до пива и вина.
С воскресенья почтой бредит
Православный наш народ,
По субботам в город едет,
Ходит, просит, узнает:
Кто убит, кто ранен летом,
Кто пропал, кого нашли?
По каким-то лазаретам
Уцелевших развезли?
Так ли жутко! Свод небесный
Темен в полдень, как в ночи;
Не сидится в хате тесной,
Не лежится на печи.
Сыт, согрелся, слава богу,
Только спать бы! Нет, не спишь —
Так и тянет на дорогу,
Ни за что не улежишь.
И бойка ж у нас дорога!
Так увечных возят много,
Что за ними на бугре,
Как проносятся вагоны,
Человеческие стоны
Ясно слышны на заре."
Некрасов Н.А.,Прости,"Прости! Не помни дней паденья,
Тоски, унынья, озлобленья, —
Не помни бурь, не помни слез,
Не помни ревности угроз!
Но дни, когда любви светило
Над нами ласково всходило
И бодро мы свершали путь, —
Благослови и не забудь!
"
Некрасов Н.А.,Элегия,"Пускай нам говорит изменчивая мода,
Что тема старая «страдания народа»
И что поэзия забыть ее должна,
Не верьте, юноши! не стареет она.
О, если бы ее могли состарить годы!
Процвел бы божий мир!.. Увы! пока народы
Влачатся в нищете, покорствуя бичам,
Как тощие стада по скошенным лугам,
Оплакивать их рок, служить им будет Муза,
И в мире нет прочней, прекраснее союза!..
Толпе напоминать, что бедствует народ,
В то время как она ликует и поет,
К народу возбуждать вниманье сильных мира
Чему достойнее служить могла бы лира?..
Я лиру посвятил народу своему.
Быть может, я умру неведомый ему,
Но я ему служил — и сердцем я спокоен...
Пускай наносит вред врагу не каждый воин,
Но каждый в бой иди! А бой решит судьба...
Я видел красный день: в России нет раба!
И слезы сладкие я пролил в умиленье...
«Довольно ликовать в наивном увлеченье, —
Шепнула Муза мне. — Пора идти вперед:
Народ освобожден, но счастлив ли народ?..»
Внимаю ль песни жниц над жатвой золотою,
Старик ли медленный шагает за сохою,
Бежит ли по лугу, играя и свистя,
С отцовским завтраком довольное дитя,
Сверкают ли серпы, звенят ли дружно косы —
Ответа я ищу на тайные вопросы,
Кипящие в уме: «В последние года
Сносней ли стала ты, крестьянская страда?
И рабству долгому пришедшая на смену
Свобода наконец внесла ли перемену
В народные судьбы? в напевы сельских дев?
Иль так же горестен нестройный их напев?..»
Уж вечер настает. Волнуемый мечтами,
По нивам, по лугам, уставленным стогами,
Задумчиво брожу в прохладной полутьме,
И песнь сама собой слагается в уме,
Недавних, тайных дум живое воплощенье:
На сельские труды зову благословенье,
Народному врагу проклятия сулю,
А другу у небес могущества молю,
И песнь моя громка!.. Ей вторят долы, нивы,
И эхо дальних гор ей шлет свои отзывы,
И лес откликнулся... Природа внемлет мне,
Но тот, о ком пою в вечерней тишине,
Кому посвящены мечтания поэта, —
Увы! не внемлет он — и не дает ответа..."
Некрасов Н.А.,Плач детей,"Равнодушно слушая проклятья
В битве с жизнью гибнущих людей,
Из-за них вы слышите ли, братья,
Тихий плач и жалобы детей?
«В золотую пору малолетства
Всё живое — счастливо живет,
Не трудясь, с ликующего детства
Дань забав и радости берет.
Только нам гулять не довелося
По полям, по нивам золотым:
Целый день на фабриках колеса
Мы вертим — вертим — вертим!
Колесо чугунное вертится,
И гудит, и ветром обдает,
Голова пылает и кружится,
Сердце бьется, всё кругом идет:
Красный нос безжалостной старухи,
Что за нами смотрит сквозь очки,
По стенам гуляющие мухи,
Стены, окна, двери, потолки, —
Всё и все! Впадая в исступленье,
Начинаем громко мы кричать:
„Погоди, ужасное круженье!
Дай нам память слабую собрать!“
Бесполезно плакать и молиться —
Колесо не слышит, не щадит:
Хоть умри — проклятое вертится,
Хоть умри — гудит — гудит — гудит!
Где уж нам, измученным в неволе,
Ликовать, резвиться и скакать!
Если б нас теперь пустили в поле,
Мы в траву попадали бы — спать.
Нам домой скорей бы воротиться...
Но за чем идем мы и туда?..
Сладко нам и дома не забыться:
Встретит нас забота и нужда!
Там, припав усталой головою
К груди бледной матери своей,
Зарыдав над ней и над собою,
Разорвем на части сердце ей...»"
Некрасов Н.А.,В дороге,"«Скучно! скучно!.. Ямщик удалой,
Разгони чем-нибудь мою скуку!
Песню, что ли, приятель, запой
Про рекрутский набор и разлуку;
Небылицей какой посмеши
Или, что ты видал, расскажи —
Буду, братец, за всё благодарен».
— Самому мне невесело, барин:
Сокрушила злодейка жена!..
Слышь ты, смолоду, сударь, она
В барском доме была учена
Вместе с барышней разным наукам,
Понимаешь-ста, шить и вязать,
На варгане играть и читать —
Всем дворянским манерам и штукам.
Одевалась не то, что у нас
На селе сарафанницы наши,
А, примерно представить, в атлас;
Ела вдоволь и меду и каши.
Вид вальяжный имела такой,
Хоть бы барыне, слышь ты, природной,
И не то что наш брат крепостной,
Тоись, сватался к ней благородной
(Слышь, учитель-ста врезамшись был,
Баит кучер, Иваныч Торопка), —
Да, знать, счастья ей бог не судил:
Не нужна-ста в дворянстве холопка!
Вышла замуж господская дочь,
Да и в Питер... А справивши свадьбу,
Сам-ат, слышь ты, вернулся в усадьбу,
Захворал и на Троицу в ночь
Отдал богу господскую душу,
Сиротинкой оставивши Грушу...
Через месяц приехал зятек —
Перебрал по ревизии души
И с запашки ссадил на оброк,
А потом добрался и до Груши.
Знать, она согрубила ему
В чем-нибудь, али напросто тесно
Вместе жить показалось в дому,
Понимаешь-ста, нам неизвестно, —
Воротил он ее на село —
Знай-де место свое ты, мужичка!
Взвыла девка — крутенько пришло:
Белоручка, вишь ты, белоличка!
Как на грех, девятнадцатый год
Мне в ту пору случись... посадили
На тягло — да на ней и женили...
Тоись, сколько я нажил хлопот!
Вид такой, понимаешь, суровой...
Ни косить, ни ходить за коровой!..
Грех сказать, чтоб ленива была,
Да, вишь, дело в руках не спорилось!
Как дрова или воду несла,
Как на барщину шла — становилось
Инда жалко подчас... да куды! —
Не утешишь ее и обновкой:
То натерли ей ногу коты,
То, слышь, ей в сарафане неловко.
При чужих и туда и сюда,
А украдкой ревет как шальная...
Погубили ее господа,
А была бы бабенка лихая!
На какой-то патрет всё глядит
Да читает какую-то книжку...
Инда страх меня, слышь ты, щемит,
Что погубит она и сынишку:
Учит грамоте, моет, стрижет,
Словно ба́рченка, каждый день чешет,
Бить не бьет — бить и мне не дает...
Да недолго пострела потешит!
Слышь, как щепка худа и бледна,
Ходит, тоись, совсем через силу,
В день двух ложек не съест толокна —
Чай, свалим через месяц в могилу...
А с чего?.. Видит бог, не томил
Я ее безустанной работой...
Одевал и кормил, без пути не бранил,
Уважал, тоись, вот как, с охотой...
А, слышь, бить — так почти не бивал,
Разве только под пьяную руку...
«Ну, довольно, ямщик! Разогнал
Ты мою неотвязную скуку!..»
"
Тютчев Ф.И.,Silentium!,"Молчи, скрывайся и таи
И чувства и мечты свои —
Пускай в душевной глубине
Встают и заходят оне
Безмолвно, как звезды в ночи, —
Любуйся ими — и молчи.
Как сердцу высказать себя?
Другому как понять тебя?
Поймет ли он, чем ты живешь?
Мысль изреченная есть ложь.
Взрывая, возмутишь ключи, —
Питайся ими — и молчи.
Лишь жить в себе самом умей —
Есть целый мир в душе твоей
Таинственно-волшебных дум;
Их оглушит наружный шум,
Дневные разгонят лучи, —
Внимай их пенью — и молчи!.."
Тютчев Ф.И.,Олегов щит,"«Аллах! пролей на нас твой свет!
Краса и сила правоверных!
Гроза гяуров лицемерных!
Пророк твой — Магомет!..»
«О наша крепость и оплот!
Великий бог! веди нас ныне,
Как некогда ты вёл в пустыне
Свой избранный народ!..»
Глухая полночь! Всё молчит!
Вдруг... из-за туч луна блеснула —
И над воротами Стамбула
Олегов озарила щит."
Тютчев Ф.И.,Безумие,"Там, где с землею обгорелой
Слился, как дым, небесный свод, —
Там в беззаботности веселой
Безумье жалкое живет.
Под раскаленными лучами,
Зарывшись в пламенных песках,
Оно стеклянными очами
Чего-то ищет в облаках.
То вспрянет вдруг и, чутким ухом
Припав к растреснутой земле,
Чему-то внемлет жадным слухом
С довольством тайным на челе.
И мнит, что слышит струй кипенье,
Что слышит ток подземных вод,
И колыбельное их пенье,
И шумный из земли исход!
"
Тютчев Ф.И.,Бессонница,"Часов однообразный бой,
Томительная ночи повесть!
Язык для всех равно чужой
И внятный каждому, как совесть!
Кто без тоски внимал из нас,
Среди всемирного молчанья,
Глухие времени стенанья,
Пророчески-прощальный глас?
Нам мнится: мир осиротелый
Неотразимый Рок настиг —
И мы, в борьбе, природой целой
Покинуты на нас самих.
И наша жизнь стоит пред нами,
Как призрак на краю земли,
И с нашим веком и друзьями
Бледнеет в сумрачной дали...
И новое, младое племя
Меж тем на солнце расцвело,
А нас, друзья, и наше время
Давно забвеньем занесло!
Лишь изредка, обряд печальный
Свершая в полуночный час,
Металла голос погребальный
Порой оплакивает нас!"
Тютчев Ф.И.,Русской женщине,"Вдали от солнца и природы,
Вдали от света и искусства,
Вдали от жизни и любви
Мелькнут твои младые годы,
Живые помертвеют чувства,
Мечты развеются твои...
И жизнь твоя пройдет незрима
В краю безлюдном, безымянном,
На незамеченной земле, —
Как исчезает облак дыма
На небе тусклом и туманном,
В осенней беспредельной мгле..."
Тютчев Ф.И.,Cache-cache,"Вот арфа ее в обычайном углу,
Гвоздики и розы стоят у окна,
Полуденный луч задремал на полу:
Условное время! Но где же она?
О, кто мне поможет шалунью сыскать,
Где, где приютилась сильфида моя?
Волшебную близость, как благодать,
Разлитую в воздухе, чувствую я.
Гвоздики недаром лукаво глядят,
Недаром, о розы, на ваших листах
Жарчее румянец, свежей аромат:
Я понял, кто скрылся, зарылся в цветах!
Не арфы ль твоей мне послышался звон?
В струнах ли мечтаешь укрыться златых?
Металл содрогнулся, тобой оживлен,
И сладостный трепет еще не затих.
Как пляшут пылинки в полдневных лучах,
Как искры живые в родимом огне!
Видал я сей пламень в знакомых очах,
Его упоенье известно и мне.
Влетел мотылек, и с цветка на другой,
Притворно-беспечный, он начал порхать.
О, полно кружиться, мой гость дорогой!
Могу ли, воздушный, тебя не узнать?"
Тютчев Ф.И.,Весна,"Как ни гнетет рука судьбины,
Как ни томит людей обман,
Как ни браздят чело морщины
И сердце как ни полно ран,
Каким бы строгим испытаньям
Вы ни были подчинены, —
Что устоит перед дыханьем
И первой встречею весны!
Весна... Она о вас не знает,
О вас, о горе и о зле;
Бессмертьем взор ее сияет,
И ни морщины на челе.
Своим законам лишь послушна,
В условный час слетает к вам,
Светла, блаженно-равнодушна,
Как подобает божествам.
Цветами сыплет над землею,
Свежа, как первая весна;
Была ль другая перед нею —
О том не ведает она;
По небу много облак бродит,
Но эти облака ея,
Она ни следу не находит
Отцветших весен бытия.
Не о былом вздыхают розы
И соловей в ночи поет,
Благоухающие слезы
Не о былом Аврора льет, —
И страх кончины неизбежной
Не свеет с древа ни листа:
Их жизнь, как океан безбрежный,
Вся в настоящем разлита.
Игра и жертва жизни частной!
Приди ж, отвергни чувств обман
И ринься, бодрый, самовластный,
В сей животворный океан!
Приди, струей его эфирной
Омой страдальческую грудь —
И жизни божеско-всемирной
Хотя на миг причастен будь!
"
Тютчев Ф.И.,Декабрьское утро,"На небе месяц — и ночная
Еще не тронулася тень,
Царит себе, не сознавая,
Что вот уж встрепенулся день, —
Что хоть лениво и несмело
Луч возникает за лучом,
А небо так еще всецело
Ночным сияет торжеством.
Но не пройдет двух-трех мгновений,
Ночь испарится над землей,
И в полном блеске проявлений
Вдруг нас охватит мир дневной..."
Тютчев Ф.И.,Осенний вечер,"Есть в светлости осенних вечеров
Умильная, таинственная прелесть!..
Зловещий блеск и пестрота дерёв,
Багряных листьев томный, легкий шелест,
Туманная и тихая лазурь
Над грустно-сиротеющей землею
И, как предчувствие сходящих бурь,
Порывистый, холодный ветр порою,
Ущерб, изнеможенье — и на всем
Та кроткая улыбка увяданья,
Что в существе разумном мы зовем
Божественной стыдливостью страданья!"
Тютчев Ф.И.,Сон на море,"И море, и буря качали наш челн;
Я, сонный, был предан всей прихоти волн.
Две беспредельности были во мне,
И мной своевольно играли оне.
Вкруг меня, как кимвалы, звучали скалы,
Окликалися ветры и пели валы.
Я в хаосе звуков лежал оглушен,
Но над хаосом звуков носился мой сон.
Болезненно-яркий, волшебно-немой,
Он веял легко над гремящею тьмой.
В лучах огневицы развил он свой мир —
Земля зеленела, светился эфир,
Сады-лавиринфы, чертоги, столпы,
И сонмы кипели безмолвной толпы.
Я много узнал мне неведомых лиц,
Зрел тварей волшебных, таинственных птиц,
По высям творенья, как бог, я шагал,
И мир подо мною недвижный сиял.
Но все грезы насквозь, как волшебника вой,
Мне слышался грохот пучины морской,
И в тихую область видений и снов
Врывалася пена ревущих валов."
Тютчев Ф.И.,Два единства,"Из переполненной господним гневом чаши
Кровь льется через край, и Запад тонет в ней.
Кровь хлынет и на вас, друзья и братья наши! —
Славянский мир, сомкнись тесней...
«Единство, — возвестил оракул наших дней, —
Быть может спаяно железом лишь и кровью...»
Но мы попробуем спаять его любовью, —
А там увидим, что прочней...
"
Тютчев Ф.И.,Утро в горах,"Лазурь небесная смеется,
Ночной омытая грозой,
И между гор росисто вьется
Долина светлой полосой.
Лишь высших гор до половины
Туманы покрывают скат,
Как бы воздушные руины
Волшебством созданных палат."
Тютчев Ф.И.,Полдень,"Лениво дышит полдень мглистый,
Лениво катится река,
В лазури пламенной и чистой
Лениво тают облака.
И всю природу, как туман,
Дремота жаркая объемлет,
И сам теперь великий Пан
В пещере нимф покойно дремлет."
Тютчев Ф.И.,Летний вечер,"Уж солнца раскаленный шар
С главы своей земля скатила,
И мирный вечера пожар
Волна морская поглотила.
Уж звезды светлые взошли
И тяготеющий над нами
Небесный свод приподняли
Своими влажными главами.
Река воздушная полней
Течет меж небом и землею,
Грудь дышит легче и вольней,
Освобожденная от зною.
И сладкий трепет, как струя,
По жилам пробежал природы,
Как бы горячих ног ея
Коснулись ключевые воды."
Тютчев Ф.И.,Листья,"Пусть сосны и ели
Всю зиму торчат,
В снега и метели
Закутавшись, спят, —
Их тощая зелень,
Как иглы ежа,
Хоть ввек не желтеет,
Но ввек не свежа.
Мы ж, легкое племя,
Цветем и блестим
И краткое время
На сучьях гостим.
Всё красное лето
Мы были в красе —
Играли с лучами,
Купались в росе!..
Но птички отпели,
Цветы отцвели,
Лучи побледнели,
Зефиры ушли.
Так что же нам даром
Висеть и желтеть?
Не лучше ль за ними
И нам улететь!
О буйные ветры,
Скорее, скорей!
Скорей нас сорвите
С докучных ветвей!
Сорвите, умчите,
Мы ждать не хотим,
Летите, летите!
Мы с вами летим!.."
Тютчев Ф.И.,Весенняя гроза,"Люблю грозу в начале мая,
Когда весенний, первый гром,
Как бы резвяся и играя,
Грохочет в небе голубом.
Гремят раскаты молодые,
Вот дождик брызнул, пыль летит,
Повисли перлы дождевые,
И солнце нити золотит.
С горы бежит поток проворный,
В лесу не молкнет птичий гам,
И гам лесной, и шум нагорный —
Всё вторит весело громам.
Ты скажешь: ветреная Геба,
Кормя Зевесова орла,
Громокипящий кубок с неба,
Смеясь, на землю пролила."
Тютчев Ф.И.,Русская география,"Москва, и град Петров, и Константинов град
Вот царства русского заветные столицы...
Но где предел ему? и где его границы —
На север, на восток, на юг и на закат?
Грядущим временам судьбы их обличат...
Семь внутренних морей и семь великих рек...
От Нила до Невы, от Эльбы до Китая,
От Волги по Евфрат, от Ганга до Дуная...
Вот царство русское... и не прейдет вовек,
Как то провидел Дух и Даниил предрек.
"
Тютчев Ф.И.,Последняя любовь,"О, как на склоне наших лет
Нежней мы любим и суеверней...
Сияй, сияй, прощальный свет
Любви последней, зари вечерней!
Полнеба обхватила тень,
Лишь там, на западе, бродит сиянье,
Помедли, помедли, вечерний день,
Продлись, продлись, очарованье.
Пускай скудеет в жилах кровь,
Но в сердце не скудеет нежность...
О ты, последняя любовь!
Ты и блаженство, и безнадежность."
Тютчев Ф.И.,Конь морской,"О рьяный конь, о конь морской,
С бледно-зеленой гривой,
То смирный-ласково-ручной,
То бешено-игривый!
Ты буйным вихрем вскормлен был
В широком божьем поле,
Тебя он прядать научил,
Играть, скакать по воле!
Люблю тебя, когда стремглав,
В своей надменной силе,
Густую гриву растрепав
И весь в пару и мыле,
К брегам направив бурный бег,
С веселым ржаньем мчишься,
Копыта кинешь в звонкий брег —
И в брызги разлетишься!.."
Тютчев Ф.И.,Цицерон,"Оратор римский говорил
Средь бурь гражданских и тревоги:
«Я поздно встал — и на дороге
Застигнут ночью Рима был!»
Так!.. Но, прощаясь с римской славой,
С Капитолийской высоты
Во всем величье видел ты
Закат звезды ее кровавый!..
Счастлив, кто посетил сей мир
В его минуты роковые!
Его призвали всеблагие
Как собеседника на пир.
Он их высоких зрелищ зритель,
Он в их совет допущен был —
И заживо, как небожитель,
Из чаши их бессмертье пил!"
Тютчев Ф.И.,Лебедь,"Пускай орел за облаками
Встречает молнии полет
И неподвижными очами
В себя впивает солнца свет.
Но нет завиднее удела,
О лебедь чистый, твоего —
И чистой, как ты сам, одело
Тебя стихией божество.
Она, между двойною бездной,
Лелеет твой всезрящий сон —
И полной славой тверди звездной
Ты отовсюду окружен."
Тютчев Ф.И.,Ответ на адрес,"Себя, друзья, морочите вы грубо —
Велик с Россией ваш разлад.
Куда вам в члены Английских палат:
Вы просто члены Английского клуба..."
Тютчев Ф.И.,Фонтан,"Смотри, как облаком живым
Фонтан сияющий клубится;
Как пламенеет, как дробится
Его на солнце влажный дым.
Лучом поднявшись к небу, он
Коснулся высоты заветной —
И снова пылью огнецветной
Ниспасть на землю осужден.
О смертной мысли водомет,
О водомет неистощимый!
Какой закон непостижимый
Тебя стремит, тебя мятет?
Как жадно к небу рвешься ты!..
Но длань незримо-роковая
Твой луч упорный, преломляя,
Свергает в брызгах с высоты."
Тютчев Ф.И.,Снежные горы,"Уже полдневная пора
Палит отвесными лучами, —
И задымилася гора
С своими черными лесами.
Внизу, как зеркало стальное,
Синеют озера струи
И с камней, блещущих на зное,
В родную глубь спешат ручьи...
И между тем как полусонный
Наш дольний мир, лишенный сил,
Проникнут негой благовонной,
Во мгле полуденной почил, —
Горе́, как божества родные,
Над издыхающей землей,
Играют выси ледяные
С лазурью неба огневой."
Тютчев Ф.И.,К. Б.,"Я встретил вас — и всё былое
В отжившем сердце ожило;
Я вспомнил время золотое —
И сердцу стало так тепло...
Как поздней осени порою
Бывают дни, бывает час,
Когда повеет вдруг весною
И что-то встрепенется в нас, —
Так, весь обвеян дуновеньем
Тех лет душевной полноты,
С давно забытым упоеньем
Смотрю на милые черты...
Как после вековой разлуки
Гляжу на вас, как бы во сне, —
И вот — слышнее стали звуки,
Не умолкавшие во мне...
Тут не одно воспоминанье,
Тут жизнь заговорила вновь, —
И то же в вас очарованье,
И та ж в душе моей любовь!.."
Тютчев Ф.И.,empty,"Певучесть есть в морских волнах,
Гармония в стихийных спорах,
И стройный мусикийский шорох
Струится в зыбких камышах.
Невозмутимый строй во всем,
Созвучье полное в природе, —
Лишь в нашей призрачной свободе
Разлад мы с нею сознаем.
Откуда, как разлад возник?
И отчего же в общем хоре
Душа не то поет, что море,
И ропщет мыслящий тростник?
И от земли до крайних звезд
Всё безответен и поныне
Глас вопиющего в пустыне,
Души отчаянной протест?"
Тютчев Ф.И.,empty,"Тихой ночью, поздним летом,
Ка́к на небе звезды рдеют,
Ка́к под сумрачным их светом
Нивы дремлющие зреют...
Усыпительно-безмолвны,
Ка́к блестят в тиши ночной
Золотистые их волны,
Убеленные луной..."
Тютчев Ф.И.,empty,"Я помню время золотое,
Я помню сердцу милый край.
День вечерел; мы были двое;
Внизу, в тени, шумел Дунай.
И на холму, там, где, белея,
Руина замка в дол глядит,
Стояла ты, младая фея,
На мшистый опершись гранит,
Ногой младенческой касаясь
Обломков груды вековой;
И солнце медлило, прощаясь
С холмом, и замком, и тобой.
И ветер тихий мимолетом
Твоей одеждою играл
И с диких яблонь цвет за цветом
На плечи юные свевал.
Ты беззаботно вдаль глядела...
Край неба дымно гас в лучах;
День догорал; звучнее пела
Река в померкших берегах.
И ты с веселостью беспечной
Счастливый провожала день:
И сладко жизни быстротечной
Над нами пролетала тень."